{
  "type": "FeatureCollection",
  "generator": "overpass-turbo",
  "copyright": "The data included in this document is from www.openstreetmap.org. The data is made available under ODbL.",
  "timestamp": "2026-09-02T06:07:19Z",
  "features": [
    {
      "type": "Feature",
      "properties": {
        "@id": "relation/227077",
        "addr:city": "Austin",
        "addr:housenumber": "105",
        "addr:postcode": "78712",
        "addr:state": "TX",
        "addr:street": "East 24th Street",
        "alt_name": "WEL",
        "building": "university",
        "building:levels": "4",
        "name": "Robert A. Welch Hall",
        "ref": "WEL",
        "type": "multipolygon",
        "wikidata": "Q7980550"
      },
      "geometry": {
        "type": "Polygon",
        "coordinates": [
          [
            [-97.7373899, 30.2862733],
            [-97.737386, 30.2863115],
            [-97.7373214, 30.2868267],
            [-97.7373186, 30.2868549],
            [-97.7372907, 30.2871314],
            [-97.7382777, 30.2872101],
            [-97.7383005, 30.2869015],
            [-97.738326, 30.286557],
            [-97.738107, 30.2865377],
            [-97.7380754, 30.2865349],
            [-97.7379899, 30.2865274],
            [-97.7375962, 30.2864954],
            [-97.7376112, 30.2863516],
            [-97.7376135, 30.2863291],
            [-97.7376155, 30.2863024],
            [-97.7376193, 30.2862744],
            [-97.7376375, 30.2862774],
            [-97.7376399, 30.2862559],
            [-97.7378164, 30.2862744],
            [-97.7378593, 30.2862175],
            [-97.7378969, 30.2861679],
            [-97.7378834, 30.2860995],
            [-97.7378271, 30.2860335],
            [-97.7376668, 30.2860155],
            [-97.7376966, 30.2857499],
            [-97.7376535, 30.2857477],
            [-97.7374456, 30.285729],
            [-97.7373865, 30.2862564],
            [-97.7373899, 30.2862733]
          ],
          [
            [-97.7377251, 30.2868806],
            [-97.7377177, 30.28695],
            [-97.7375647, 30.2869391],
            [-97.7375675, 30.2869108],
            [-97.7375714, 30.2868722],
            [-97.73755, 30.2868706],
            [-97.7375527, 30.2868432],
            [-97.7375556, 30.2867849],
            [-97.7375581, 30.2867606],
            [-97.737569, 30.2866564],
            [-97.7379709, 30.2866885],
            [-97.7379802, 30.2866893],
            [-97.7380549, 30.2866959],
            [-97.738088, 30.2866988],
            [-97.7380814, 30.2867475],
            [-97.7380677, 30.2868844],
            [-97.7380505, 30.2868831],
            [-97.7380413, 30.2869745],
            [-97.7378909, 30.2869626],
            [-97.7378988, 30.2868933],
            [-97.7377251, 30.2868806]
          ]
        ]
      },
      "id": "relation/227077"
    },
    {
      "type": "Feature",
      "properties": {
        "@id": "relation/1639372",
        "addr:city": "Austin",
        "addr:housenumber": "2139",
        "addr:postcode": "78712",
        "addr:state": "TX",
        "addr:street": "San Jacinto Boulevard",
        "alt_name": "STD",
        "building": "stadium",
        "ele": "163",
        "height": "63",
        "layer": "1",
        "name": "DKR Memorial Stadium",
        "ref": "STD",
        "type": "multipolygon"
      },
      "geometry": {
        "type": "Polygon",
        "coordinates": [
          [
            [-97.7335182, 30.2845626],
            [-97.7335685, 30.2844908],
            [-97.7336182, 30.2845092],
            [-97.7336875, 30.2843454],
            [-97.733704, 30.2843064],
            [-97.733764, 30.2841432],
            [-97.7338024, 30.2839718],
            [-97.7338097, 30.2839189],
            [-97.7338313, 30.2837635],
            [-97.7338401, 30.2835365],
            [-97.7338348, 30.283367],
            [-97.7338135, 30.2831974],
            [-97.7337714, 30.2829835],
            [-97.7336772, 30.2830041],
            [-97.7335698, 30.2830276],
            [-97.7334257, 30.2830592],
            [-97.7333171, 30.283083],
            [-97.7332575, 30.2830919],
            [-97.733121, 30.2829365],
            [-97.7329971, 30.2828592],
            [-97.7328304, 30.2828098],
            [-97.7326283, 30.2827845],
            [-97.7324193, 30.282782],
            [-97.732268, 30.2828053],
            [-97.7321299, 30.2828604],
            [-97.7319937, 30.2829883],
            [-97.7318394, 30.2829147],
            [-97.7317666, 30.2829108],
            [-97.731685, 30.2829064],
            [-97.7316736, 30.2829058],
            [-97.7316656, 30.2829695],
            [-97.7315166, 30.2829405],
            [-97.731475, 30.2833514],
            [-97.7314098, 30.2839951],
            [-97.731388, 30.2842095],
            [-97.7314037, 30.2843468],
            [-97.731406, 30.2843523],
            [-97.7314601, 30.284483],
            [-97.7315445, 30.2845852],
            [-97.7315488, 30.2845904],
            [-97.731662, 30.2846826],
            [-97.7317768, 30.2847485],
            [-97.7319243, 30.28478],
            [-97.7320663, 30.2848027],
            [-97.7327957, 30.2848611],
            [-97.7329362, 30.2848613],
            [-97.7330949, 30.2848503],
            [-97.7332356, 30.2847994],
            [-97.7333457, 30.2847332],
            [-97.733416, 30.2846733],
            [-97.7334631, 30.2847045],
            [-97.733463, 30.2847474],
            [-97.7334777, 30.2847608],
            [-97.733495, 30.2847765],
            [-97.7335659, 30.2847814],
            [-97.7336037, 30.2847563],
            [-97.7336118, 30.2846914],
            [-97.733581, 30.2846603],
            [-97.7335062, 30.284655],
            [-97.7334795, 30.2846755],
            [-97.7334482, 30.2846506],
            [-97.7335125, 30.2845698],
            [-97.7335182, 30.2845626]
          ],
          [
            [-97.7328489, 30.2842213],
            [-97.7321395, 30.2841711],
            [-97.7322442, 30.2830675],
            [-97.7329536, 30.2831177],
            [-97.7328489, 30.2842213]
          ]
        ]
      },
      "id": "relation/1639372"
    },
    {
      "type": "Feature",
      "properties": {
        "@id": "relation/1710791",
        "addr:city": "Austin",
        "addr:housenumber": "1710",
        "addr:postcode": "78712",
        "addr:state": "TX",
        "addr:street": "Red River Street",
        "alt_name": "NUR",
        "building": "university",
        "building:levels": "3",
        "name": "Nursing School",
        "ref": "NUR",
        "type": "multipolygon"
      },
      "geometry": {
        "type": "Polygon",
        "coordinates": [
          [
            [-97.7336082, 30.2780836],
            [-97.7338257, 30.2774968],
            [-97.7333992, 30.2773789],
            [-97.7331817, 30.2779657],
            [-97.7336082, 30.2780836]
          ],
          [
            [-97.7335314, 30.2779152],
            [-97.7333776, 30.2778727],
            [-97.7333919, 30.2778341],
            [-97.7333851, 30.2778322],
            [-97.7334195, 30.2777394],
            [-97.7334604, 30.2777507],
            [-97.7334881, 30.2776759],
            [-97.7334472, 30.2776646],
            [-97.7334765, 30.2775854],
            [-97.7334853, 30.2775878],
            [-97.7335, 30.2775482],
            [-97.7336519, 30.2775902],
            [-97.7335314, 30.2779152]
          ]
        ]
      },
      "id": "relation/1710791"
    },
    {
      "type": "Feature",
      "properties": {
        "@id": "relation/1711785",
        "addr:city": "Austin",
        "addr:housenumber": "310",
        "addr:postcode": "78705",
        "addr:state": "TX",
        "addr:street": "Inner Campus Drive",
        "alt_name": "GOL",
        "building": "university",
        "name": "Goldsmith Hall",
        "ref": "GOL",
        "type": "multipolygon",
        "wikidata": "Q5580319"
      },
      "geometry": {
        "type": "Polygon",
        "coordinates": [
          [
            [-97.7408563, 30.2856355],
            [-97.7412118, 30.2856622],
            [-97.741209, 30.2856898],
            [-97.7413456, 30.2857],
            [-97.7413482, 30.2856737],
            [-97.7413946, 30.2856772],
            [-97.74143, 30.2853233],
            [-97.7414181, 30.2853224],
            [-97.7414218, 30.285282],
            [-97.7414325, 30.2851797],
            [-97.7414365, 30.2851325],
            [-97.741307, 30.2851231],
            [-97.7412961, 30.2852363],
            [-97.7410038, 30.2852153],
            [-97.7410059, 30.2851928],
            [-97.7409012, 30.2851853],
            [-97.7408931, 30.2852693],
            [-97.7408907, 30.2852937],
            [-97.7408835, 30.2853668],
            [-97.740881, 30.2853901],
            [-97.7408769, 30.2854309],
            [-97.7408716, 30.2854832],
            [-97.7408673, 30.2855268],
            [-97.7408651, 30.2855486],
            [-97.7408563, 30.2856355]
          ],
          [
            [-97.7409753, 30.2853735],
            [-97.7412372, 30.2853928],
            [-97.7412189, 30.2855741],
            [-97.7409563, 30.2855552],
            [-97.7409586, 30.2855339],
            [-97.7409632, 30.2854904],
            [-97.7409688, 30.2854369],
            [-97.7409729, 30.2853962],
            [-97.7409753, 30.2853735]
          ]
        ]
      },
      "id": "relation/1711785"
    },
    {
      "type": "Feature",
      "properties": {
        "@id": "relation/1715386",
        "addr:city": "Austin",
        "addr:housenumber": "201",
        "addr:postcode": "78705",
        "addr:state": "TX",
        "addr:street": "East 21st Street",
        "alt_name": "JCD",
        "building": "dormitory",
        "building:levels": "14",
        "name": "Jester West Hall",
        "ref": "JCD",
        "type": "multipolygon"
      },
      "geometry": {
        "type": "Polygon",
        "coordinates": [
          [
            [-97.7372126, 30.2821203],
            [-97.7372575, 30.2821237],
            [-97.7372948, 30.2817537],
            [-97.7360738, 30.2816619],
            [-97.7360641, 30.2817584],
            [-97.7362855, 30.281775],
            [-97.7362754, 30.2818748],
            [-97.7362244, 30.281871],
            [-97.7362138, 30.2819759],
            [-97.7362628, 30.2819796],
            [-97.7362473, 30.2821338],
            [-97.7364301, 30.2821475],
            [-97.7364253, 30.2821947],
            [-97.7364934, 30.2821999],
            [-97.736552, 30.2822043],
            [-97.7365564, 30.2821604],
            [-97.7367576, 30.2821755],
            [-97.736753, 30.2822214],
            [-97.7368782, 30.2822308],
            [-97.7368825, 30.2821876],
            [-97.7369447, 30.2821923],
            [-97.7369103, 30.2825339],
            [-97.7371833, 30.2825544],
            [-97.7372574, 30.28256],
            [-97.7372818, 30.2823176],
            [-97.7371091, 30.2823046],
            [-97.7371136, 30.2822598],
            [-97.7370609, 30.2822558],
            [-97.7370661, 30.2822044],
            [-97.7370709, 30.2821563],
            [-97.7371778, 30.2821644],
            [-97.7371752, 30.2821899],
            [-97.7372396, 30.2821948],
            [-97.7372423, 30.2821675],
            [-97.7372081, 30.282165],
            [-97.7372126, 30.2821203]
          ],
          [
            [-97.7370751, 30.2821146],
            [-97.7370763, 30.2821023],
            [-97.7369646, 30.2820939],
            [-97.7363764, 30.2820497],
            [-97.7363948, 30.281867],
            [-97.7364028, 30.2817882],
            [-97.7371695, 30.2818459],
            [-97.7371419, 30.2821197],
            [-97.7370751, 30.2821146]
          ]
        ]
      },
      "id": "relation/1715386"
    },
    {
      "type": "Feature",
      "properties": {
        "@id": "relation/1736658",
        "addr:housenumber": "2605",
        "addr:postcode": "78705",
        "addr:state": "TX",
        "addr:street": "Whitis Avenue",
        "alt_name": "KIN",
        "building": "dormitory",
        "building:levels": "6",
        "ele": "186",
        "height": "25.1",
        "name": "Kinsolving Dormitory",
        "ref": "KIN",
        "type": "multipolygon"
      },
      "geometry": {
        "type": "Polygon",
        "coordinates": [
          [
            [-97.7398837, 30.2898886],
            [-97.7398794, 30.2899359],
            [-97.7395838, 30.2899155],
            [-97.7395876, 30.2898738],
            [-97.7394758, 30.2898661],
            [-97.7394723, 30.289903],
            [-97.739275, 30.2898894],
            [-97.7392699, 30.2899436],
            [-97.7392696, 30.2899468],
            [-97.7392954, 30.2899486],
            [-97.7392918, 30.2899869],
            [-97.7394566, 30.2899983],
            [-97.7394403, 30.2901747],
            [-97.7393052, 30.2901654],
            [-97.7392747, 30.2904938],
            [-97.7393962, 30.2905022],
            [-97.7393811, 30.2906654],
            [-97.7392203, 30.2906543],
            [-97.7392096, 30.2907701],
            [-97.7393756, 30.2907815],
            [-97.7393684, 30.2908598],
            [-97.7394995, 30.2908689],
            [-97.7395063, 30.2907953],
            [-97.7397637, 30.2908131],
            [-97.7397568, 30.2908873],
            [-97.7398928, 30.2908967],
            [-97.7399172, 30.290633],
            [-97.7399657, 30.2906363],
            [-97.7400117, 30.2901397],
            [-97.7399691, 30.2901368],
            [-97.7399914, 30.289896],
            [-97.7398837, 30.2898886]
          ],
          [
            [-97.7397895, 30.2905501],
            [-97.7397739, 30.2906974],
            [-97.7395185, 30.2906788],
            [-97.739532, 30.2905289],
            [-97.7397895, 30.2905501]
          ],
          [
            [-97.7398466, 30.2901628],
            [-97.7398139, 30.2901606],
            [-97.7398184, 30.290112],
            [-97.7396371, 30.2900995],
            [-97.7396323, 30.290152],
            [-97.7395684, 30.2901475],
            [-97.7395812, 30.2900093],
            [-97.7398591, 30.2900285],
            [-97.7398466, 30.2901628]
          ]
        ]
      },
      "id": "relation/1736658"
    },
    {
      "type": "Feature",
      "properties": {
        "@id": "relation/4464605",
        "addr:housenumber": "305",
        "addr:postcode": "78712",
        "addr:street": "East 23rd Street",
        "alt_name": "RLP",
        "building": "university",
        "building:levels": "6",
        "name": "Patton Hall",
        "ref": "RLP",
        "type": "multipolygon"
      },
      "geometry": {
        "type": "Polygon",
        "coordinates": [
          [
            [-97.7348809, 30.2851507],
            [-97.7351287, 30.2851689],
            [-97.7354923, 30.2851957],
            [-97.7357037, 30.2852113],
            [-97.7357532, 30.2847009],
            [-97.7353074, 30.2846689],
            [-97.7353091, 30.2846444],
            [-97.7352117, 30.2846368],
            [-97.7351759, 30.2850048],
            [-97.7351383, 30.285002],
            [-97.7348943, 30.2849839],
            [-97.7348809, 30.2851507]
          ]
        ]
      },
      "id": "relation/4464605"
    },
    {
      "type": "Feature",
      "properties": {
        "@id": "relation/7478745",
        "addr:city": "Austin",
        "addr:housenumber": "1900",
        "addr:postcode": "78705",
        "addr:state": "TX",
        "addr:street": "University Avenue",
        "alt_name": "ATT",
        "building": "university",
        "building:levels": "6",
        "name": "AT&T Executive Education and Conference Center",
        "ref": "ATT",
        "tourism": "hotel",
        "type": "multipolygon",
        "wikidata": "Q111394164"
      },
      "geometry": {
        "type": "Polygon",
        "coordinates": [
          [
            [-97.740603, 30.2824365],
            [-97.7408042, 30.2824502],
            [-97.7408814, 30.2816039],
            [-97.7406964, 30.2815913],
            [-97.7406952, 30.2816042],
            [-97.740634, 30.2816001],
            [-97.7406389, 30.2815462],
            [-97.7400772, 30.281508],
            [-97.7400403, 30.2815055],
            [-97.7400239, 30.2816854],
            [-97.7400613, 30.2816879],
            [-97.7400598, 30.2817041],
            [-97.7401094, 30.2817075],
            [-97.7400982, 30.2818308],
            [-97.7400661, 30.2818286],
            [-97.7400384, 30.2821326],
            [-97.740064, 30.2821343],
            [-97.7400592, 30.2821871],
            [-97.7400114, 30.2821838],
            [-97.7399926, 30.2823902],
            [-97.7405462, 30.2824279],
            [-97.7405481, 30.2824068],
            [-97.7406053, 30.2824107],
            [-97.740603, 30.2824365]
          ],
          [
            [-97.7405019, 30.2821832],
            [-97.7404986, 30.2822195],
            [-97.7402621, 30.2822033],
            [-97.7403058, 30.2817262],
            [-97.7405621, 30.2817437],
            [-97.7405588, 30.2817793],
            [-97.7404982, 30.2817752],
            [-97.7404842, 30.2819276],
            [-97.7404523, 30.2819254],
            [-97.7404292, 30.2821782],
            [-97.7405019, 30.2821832]
          ]
        ]
      },
      "id": "relation/7478745"
    },
    {
      "type": "Feature",
      "properties": {
        "@id": "relation/20972967",
        "addr:city": "Austin",
        "addr:housenumber": "200",
        "addr:postcode": "78705",
        "addr:state": "TX",
        "addr:street": "East Martin Luther King Jr Boulevard",
        "alt_name": "BMA",
        "building": "yes",
        "building:levels": "5",
        "name": "Blanton Museum of Art",
        "phone": "+1 512-471-5482",
        "ref": "BMA",
        "toilets": "yes",
        "toilets:unisex": "yes",
        "tourism": "museum",
        "type": "multipolygon",
        "website": "https://blantonmuseum.org/",
        "wikidata": "Q2906140",
        "wikipedia": "en:Blanton Museum of Art"
      },
      "geometry": {
        "type": "Polygon",
        "coordinates": [
          [
            [-97.7377028, 30.2813511],
            [-97.7377377, 30.2813537],
            [-97.7377714, 30.2813562],
            [-97.7377742, 30.2813265],
            [-97.7378253, 30.2807885],
            [-97.7378286, 30.2807543],
            [-97.737775, 30.2807419],
            [-97.7372119, 30.2806121],
            [-97.7370555, 30.2811296],
            [-97.7370055, 30.2812989],
            [-97.7377028, 30.2813511]
          ]
        ]
      },
      "id": "relation/20972967"
    },
    {
      "type": "Feature",
      "properties": {
        "@id": "way/25795473",
        "addr:city": "Austin",
        "addr:housenumber": "101",
        "addr:postcode": "78705",
        "addr:state": "TX",
        "addr:street": "East 21st Street",
        "amenity": "library",
        "building": "university",
        "building:levels": "5",
        "name": "Perry-Castañeda Library",
        "ref": "PCL",
        "toilets": "yes",
        "wikidata": "Q1647700",
        "wikipedia": "en:Perry–Castañeda Library"
      },
      "geometry": {
        "type": "Polygon",
        "coordinates": [
          [
            [-97.7384654, 30.2833715],
            [-97.7384657, 30.283256],
            [-97.7384913, 30.2829748],
            [-97.7386467, 30.2829863],
            [-97.7386752, 30.2827104],
            [-97.7386886, 30.2825729],
            [-97.7385002, 30.2823819],
            [-97.7382471, 30.282362],
            [-97.7382675, 30.2821435],
            [-97.7379789, 30.2823558],
            [-97.7377426, 30.2825198],
            [-97.7377001, 30.2829414],
            [-97.7377492, 30.2829451],
            [-97.7377466, 30.2829715],
            [-97.7379989, 30.2829904],
            [-97.7379975, 30.2830045],
            [-97.7380533, 30.2830087],
            [-97.7381328, 30.2830194],
            [-97.7384654, 30.2833715]
          ]
        ]
      },
      "id": "way/25795473"
    },
    {
      "type": "Feature",
      "properties": {
        "@id": "way/27397850",
        "addr:city": "Austin",
        "addr:housenumber": "210",
        "addr:postcode": "78705",
        "addr:state": "TX",
        "addr:street": "East Martin Luther King Jr Boulevard",
        "alt_name": "BRG",
        "amenity": "parking",
        "building": "yes",
        "building:levels": "6",
        "ele": "161",
        "name": "Brazos Garage",
        "parking": "multi-storey",
        "ref": "BRG"
      },
      "geometry": {
        "type": "Polygon",
        "coordinates": [
          [
            [-97.7365467, 30.2813134],
            [-97.7366118, 30.2807013],
            [-97.7365639, 30.2806975],
            [-97.7365694, 30.2806465],
            [-97.7365195, 30.2806425],
            [-97.7364404, 30.2806362],
            [-97.7364493, 30.2805529],
            [-97.7364559, 30.2804911],
            [-97.7359156, 30.280448],
            [-97.7358289, 30.2812595],
            [-97.7359221, 30.2812669],
            [-97.7361527, 30.2812853],
            [-97.7361424, 30.2813819],
            [-97.7362222, 30.2813883],
            [-97.7362328, 30.2812885],
            [-97.7364564, 30.2813065],
            [-97.7365467, 30.2813134]
          ]
        ]
      },
      "id": "way/27397850"
    },
    {
      "type": "Feature",
      "properties": {
        "@id": "way/27397879",
        "addr:city": "Austin",
        "addr:housenumber": "201",
        "addr:postcode": "78705",
        "addr:state": "TX",
        "addr:street": "East 21st Street",
        "alt_name": "JES",
        "building": "university",
        "name": "Beauford H. Jester Center",
        "ref": "JES",
        "toilets:unisex": "yes"
      },
      "geometry": {
        "type": "Polygon",
        "coordinates": [
          [
            [-97.7369733, 30.2832104],
            [-97.7369874, 30.2830497],
            [-97.7370146, 30.2830523],
            [-97.7370503, 30.283055],
            [-97.7370292, 30.2832642],
            [-97.7371217, 30.2832711],
            [-97.7371264, 30.2832251],
            [-97.7372029, 30.2832309],
            [-97.73722, 30.2830614],
            [-97.7370993, 30.2830523],
            [-97.7371023, 30.283023],
            [-97.7371054, 30.282992],
            [-97.7371999, 30.282999],
            [-97.7372294, 30.2827216],
            [-97.7371912, 30.2827176],
            [-97.7371963, 30.2826645],
            [-97.7371724, 30.2826627],
            [-97.7371776, 30.2825926],
            [-97.7371833, 30.2825544],
            [-97.7369103, 30.2825339],
            [-97.7365179, 30.2825044],
            [-97.7364656, 30.2830234],
            [-97.7364646, 30.2831298],
            [-97.7366573, 30.2831443],
            [-97.7367177, 30.2831503],
            [-97.7367132, 30.2831937],
            [-97.7367366, 30.283205],
            [-97.7367038, 30.283248],
            [-97.736759, 30.2832831],
            [-97.736773, 30.2832772],
            [-97.736774, 30.2832866],
            [-97.7368948, 30.283294],
            [-97.7368953, 30.2832859],
            [-97.736908, 30.2832953],
            [-97.7369705, 30.2832707],
            [-97.7369733, 30.2832104]
          ]
        ]
      },
      "id": "way/27397879"
    },
    {
      "type": "Feature",
      "properties": {
        "@id": "way/27397894",
        "addr:city": "Austin",
        "addr:housenumber": "110",
        "addr:postcode": "78705",
        "addr:state": "TX",
        "addr:street": "Inner Campus Drive",
        "alt_name": "MAI",
        "building": "university",
        "building:levels": "2",
        "loc_name": "The Tower",
        "name": "Main Building",
        "ref": "MAI",
        "roof:shape": "quadruple_saltbox",
        "wheelchair": "limited",
        "wikidata": "Q6735947",
        "wikipedia": "en:Main Building (University of Texas at Austin)"
      },
      "geometry": {
        "type": "Polygon",
        "coordinates": [
          [
            [-97.739138, 30.2861618],
            [-97.7392579, 30.2861707],
            [-97.7392393, 30.2863577],
            [-97.7394732, 30.2863751],
            [-97.7394917, 30.2861886],
            [-97.7395496, 30.2861934],
            [-97.7395263, 30.2863857],
            [-97.7396986, 30.2864015],
            [-97.7397431, 30.2859549],
            [-97.7397721, 30.2856638],
            [-97.7396233, 30.2856527],
            [-97.7396112, 30.2857736],
            [-97.7395049, 30.2857657],
            [-97.7394161, 30.2857591],
            [-97.7393273, 30.2857525],
            [-97.7392123, 30.285744],
            [-97.7392237, 30.2856291],
            [-97.7390754, 30.2856181],
            [-97.7390483, 30.2858901],
            [-97.7390425, 30.2859485],
            [-97.7389849, 30.2859443],
            [-97.7389819, 30.2859798],
            [-97.7389453, 30.2863427],
            [-97.7391187, 30.2863555],
            [-97.739138, 30.2861618]
          ]
        ]
      },
      "id": "way/27397894"
    },
    {
      "type": "Feature",
      "properties": {
        "@id": "way/27397931",
        "addr:housenumber": "1601",
        "addr:postcode": "78701",
        "addr:state": "TX",
        "addr:street": "Red River Street",
        "building": "university",
        "ele": "158",
        "leisure": "stadium",
        "name": "Denton A. Cooley Pavillion",
        "ref": "DCP",
        "sport": "basketball",
        "wheelchair": "yes"
      },
      "geometry": {
        "type": "Polygon",
        "coordinates": [
          [
            [-97.7333653, 30.2762245],
            [-97.7334056, 30.2761182],
            [-97.7327877, 30.2759481],
            [-97.7326335, 30.2761987],
            [-97.7326808, 30.2762219],
            [-97.7327377, 30.27624],
            [-97.7327335, 30.2762508],
            [-97.7332963, 30.2764053],
            [-97.7333071, 30.2763796],
            [-97.7333536, 30.2763929],
            [-97.733412, 30.2762389],
            [-97.7333653, 30.2762245]
          ]
        ]
      },
      "id": "way/27397931"
    },
    {
      "type": "Feature",
      "properties": {
        "@id": "way/30548579",
        "access": "yes",
        "addr:city": "Austin",
        "addr:housenumber": "2401",
        "addr:postcode": "78705",
        "addr:state": "TX",
        "addr:street": "San Jacinto Boulevard",
        "alt_name": "SJG",
        "amenity": "parking",
        "building": "garage",
        "building:levels": "8",
        "ele": "161",
        "fee": "yes",
        "maxheight": "6'11\"",
        "name": "San Jacinto Garage",
        "operator": "University of Texas at Austin",
        "ref": "SJG",
        "supervised": "no",
        "website": "https://parking.utexas.edu/parking/garages/san-jacinto-garage-sjg"
      },
      "geometry": {
        "type": "Polygon",
        "coordinates": [
          [
            [-97.7333177, 30.2876448],
            [-97.7333187, 30.2876354],
            [-97.7333301, 30.2875308],
            [-97.7333252, 30.2875301],
            [-97.7324708, 30.287461],
            [-97.7324657, 30.2875084],
            [-97.7324606, 30.2875551],
            [-97.7324543, 30.2876128],
            [-97.7324241, 30.28789],
            [-97.7325047, 30.2878966],
            [-97.7324999, 30.2879412],
            [-97.732846, 30.2879693],
            [-97.7332265, 30.2880002],
            [-97.733231, 30.2879586],
            [-97.7332831, 30.2879628],
            [-97.7333177, 30.2876448]
          ]
        ]
      },
      "id": "way/30548579"
    },
    {
      "type": "Feature",
      "properties": {
        "@id": "way/30548773",
        "addr:housenumber": "2301",
        "addr:postcode": "78712",
        "addr:state": "TX",
        "addr:street": "Trinity Street",
        "alt_name": "DFA",
        "building": "university",
        "ele": "165",
        "name": "E. William Doty Fine Arts Building",
        "ref": "DFA"
      },
      "geometry": {
        "type": "Polygon",
        "coordinates": [
          [
            [-97.7319702, 30.2858653],
            [-97.7319792, 30.2857741],
            [-97.7319919, 30.2856457],
            [-97.7319756, 30.2856445],
            [-97.7319809, 30.2855911],
            [-97.7319529, 30.285589],
            [-97.731951, 30.2856087],
            [-97.7316991, 30.2855901],
            [-97.7317011, 30.2855701],
            [-97.7316717, 30.2855679],
            [-97.7316663, 30.2856229],
            [-97.7316496, 30.2856217],
            [-97.7316295, 30.2858259],
            [-97.7315884, 30.2858228],
            [-97.7315421, 30.2858194],
            [-97.73153, 30.2859425],
            [-97.7315748, 30.2859458],
            [-97.7316165, 30.2859489],
            [-97.7316055, 30.2860593],
            [-97.7316211, 30.2860605],
            [-97.7316163, 30.2861089],
            [-97.7316464, 30.2861111],
            [-97.7316482, 30.2860932],
            [-97.7318981, 30.2861116],
            [-97.7318961, 30.2861317],
            [-97.7319237, 30.2861338],
            [-97.7319284, 30.2860859],
            [-97.7319877, 30.2860902],
            [-97.7320069, 30.2858962],
            [-97.7320097, 30.2858682],
            [-97.7319702, 30.2858653]
          ]
        ]
      },
      "id": "way/30548773"
    },
    {
      "type": "Feature",
      "properties": {
        "@id": "way/30880226",
        "addr:housenumber": "2501",
        "addr:postcode": "78705",
        "addr:state": "TX",
        "addr:street": "Red River Street",
        "alt_name": "IPF",
        "building": "university",
        "covered": "yes",
        "leisure": "pitch",
        "lit": "yes",
        "name": "Indoor Practice Facility",
        "ref": "IPF",
        "sport": "american_football",
        "surface": "artificial_turf"
      },
      "geometry": {
        "type": "Polygon",
        "coordinates": [
          [
            [-97.7270168, 30.2858384],
            [-97.7269112, 30.2858142],
            [-97.726426, 30.285703],
            [-97.7261053, 30.2867465],
            [-97.7266961, 30.2868819],
            [-97.7270168, 30.2858384]
          ]
        ]
      },
      "id": "way/30880226"
    },
    {
      "type": "Feature",
      "properties": {
        "@id": "way/30880274",
        "addr:city": "Austin",
        "addr:housenumber": "2336",
        "addr:postcode": "78705",
        "addr:state": "TX",
        "addr:street": "North Interstate Highway 35 Service Road",
        "alt_name": "AFP",
        "building": "university",
        "name": "Athletic Fields Pavilion",
        "ref": "AFP"
      },
      "geometry": {
        "type": "Polygon",
        "coordinates": [
          [
            [-97.7264193, 30.2851159],
            [-97.7262699, 30.2850818],
            [-97.7261466, 30.2854838],
            [-97.7262959, 30.285518],
            [-97.7263088, 30.2854758],
            [-97.7264193, 30.2851159]
          ]
        ]
      },
      "id": "way/30880274"
    },
    {
      "type": "Feature",
      "properties": {
        "@id": "way/30905846",
        "access": "permissive",
        "addr:city": "Austin",
        "addr:housenumber": "1815",
        "addr:postcode": "78712",
        "addr:state": "TX",
        "addr:street": "Trinity Street",
        "alt_name": "TRG",
        "amenity": "parking",
        "building": "garage",
        "building:levels": "6",
        "ele": "154",
        "fee": "yes",
        "name": "Trinity Garage",
        "operator": "University of Texas",
        "operator:type": "university",
        "parking": "multi-storey",
        "ref": "TRG"
      },
      "geometry": {
        "type": "Polygon",
        "coordinates": [
          [
            [-97.7343755, 30.279447],
            [-97.7344536, 30.2792328],
            [-97.7344979, 30.2791114],
            [-97.734527, 30.2790316],
            [-97.7333849, 30.2787209],
            [-97.7333573, 30.2787966],
            [-97.7332334, 30.2791363],
            [-97.7343755, 30.279447]
          ]
        ]
      },
      "id": "way/30905846"
    },
    {
      "type": "Feature",
      "properties": {
        "@id": "way/30905872",
        "addr:city": "Austin",
        "addr:housenumber": "1810",
        "addr:postcode": "78701",
        "addr:state": "TX",
        "addr:street": "Red River Street",
        "alt_name": "CDL",
        "amenity": "library",
        "building": "university",
        "ele": "163",
        "name": "Collections Deposit Library",
        "ref": "CDL"
      },
      "geometry": {
        "type": "Polygon",
        "coordinates": [
          [
            [-97.733126, 30.2789814],
            [-97.733255, 30.2786354],
            [-97.732964, 30.2785546],
            [-97.7328351, 30.2789006],
            [-97.733126, 30.2789814]
          ]
        ]
      },
      "id": "way/30905872"
    },
    {
      "type": "Feature",
      "properties": {
        "@id": "way/31962360",
        "addr:city": "Austin",
        "addr:housenumber": "2110",
        "addr:postcode": "78705",
        "addr:state": "TX",
        "addr:street": "Speedway",
        "alt_name": "CBA",
        "building": "university",
        "building:levels": "5",
        "name": "McCombs School of Business",
        "ref": "CBA",
        "wikidata": "Q6800462"
      },
      "geometry": {
        "type": "Polygon",
        "coordinates": [
          [
            [-97.7381105, 30.2839876],
            [-97.7381341, 30.283744],
            [-97.7376714, 30.2837105],
            [-97.7376101, 30.2843425],
            [-97.7375878, 30.2843409],
            [-97.7375754, 30.284468],
            [-97.7376145, 30.2844709],
            [-97.737594, 30.2846812],
            [-97.7380129, 30.2847115],
            [-97.7380303, 30.2845321],
            [-97.7380505, 30.2845335],
            [-97.7381105, 30.2839876]
          ]
        ]
      },
      "id": "way/31962360"
    },
    {
      "type": "Feature",
      "properties": {
        "@id": "way/31962470",
        "addr:housenumber": "2101",
        "addr:postcode": "78712",
        "addr:state": "TX",
        "addr:street": "Speedway",
        "alt_name": "GRE",
        "building": "university",
        "building:levels": "3",
        "leisure": "sports_centre",
        "name": "Gregory Gymnasium",
        "ref": "GRE",
        "roof:levels": "0",
        "toilets:wheelchair": "yes",
        "wheelchair": "limited",
        "wikidata": "Q5606946"
      },
      "geometry": {
        "type": "Polygon",
        "coordinates": [
          [
            [-97.736987, 30.2835884],
            [-97.736095, 30.2835218],
            [-97.7360845, 30.2836268],
            [-97.7360492, 30.2839798],
            [-97.7359441, 30.2839719],
            [-97.7359413, 30.2840002],
            [-97.7356867, 30.2839812],
            [-97.7356735, 30.2841129],
            [-97.735588, 30.2841065],
            [-97.735579, 30.2841964],
            [-97.7356656, 30.2842029],
            [-97.7356523, 30.2843358],
            [-97.7361707, 30.2843745],
            [-97.7361676, 30.2844054],
            [-97.7368112, 30.2844534],
            [-97.7368208, 30.2843584],
            [-97.7368508, 30.2843606],
            [-97.7368731, 30.284138],
            [-97.7368449, 30.2841359],
            [-97.7368545, 30.2840401],
            [-97.7368308, 30.2840383],
            [-97.7368337, 30.2840096],
            [-97.7368368, 30.2839783],
            [-97.7369471, 30.2839866],
            [-97.736987, 30.2835884]
          ]
        ]
      },
      "id": "way/31962470"
    },
    {
      "type": "Feature",
      "properties": {
        "@id": "way/31962538",
        "addr:housenumber": "2405",
        "addr:postcode": "78705",
        "addr:state": "TX",
        "addr:street": "Trinity Street",
        "building": "university",
        "name": "Music Building East",
        "ref": "MBE"
      },
      "geometry": {
        "type": "Polygon",
        "coordinates": [
          [
            [-97.7316691, 30.2872993],
            [-97.7314571, 30.2872836],
            [-97.7314731, 30.2871224],
            [-97.7313357, 30.2871122],
            [-97.7313335, 30.2871345],
            [-97.7310481, 30.2871134],
            [-97.7310339, 30.2872572],
            [-97.7310283, 30.2873139],
            [-97.7310134, 30.2874643],
            [-97.7311217, 30.2874722],
            [-97.7311128, 30.2875623],
            [-97.7313739, 30.2875816],
            [-97.7313827, 30.2874933],
            [-97.731648, 30.2875128],
            [-97.7316691, 30.2872993]
          ]
        ]
      },
      "id": "way/31962538"
    },
    {
      "type": "Feature",
      "properties": {
        "@id": "way/31962674",
        "addr:city": "Austin",
        "addr:housenumber": "2406",
        "addr:postcode": "78712",
        "addr:state": "TX",
        "addr:street": "Robert Dedman Drive",
        "alt_name": "MRH",
        "building": "university",
        "name": "Music Recital Hall",
        "ref": "MRH"
      },
      "geometry": {
        "type": "Polygon",
        "coordinates": [
          [
            [-97.7302727, 30.2869795],
            [-97.7302556, 30.2871532],
            [-97.7304896, 30.2871705],
            [-97.7304505, 30.2875654],
            [-97.7306835, 30.2875826],
            [-97.730672, 30.2876994],
            [-97.7309095, 30.2877169],
            [-97.7309503, 30.287304],
            [-97.7310283, 30.2873139],
            [-97.7310339, 30.2872572],
            [-97.730956, 30.2872472],
            [-97.7309624, 30.2871823],
            [-97.730899, 30.2871776],
            [-97.7309066, 30.2871006],
            [-97.7309434, 30.2871033],
            [-97.7309495, 30.2870412],
            [-97.7309666, 30.2870424],
            [-97.7309841, 30.2868658],
            [-97.7309905, 30.2868007],
            [-97.7308813, 30.2867926],
            [-97.7308748, 30.2868577],
            [-97.7308585, 30.2870226],
            [-97.7302727, 30.2869795]
          ]
        ]
      },
      "id": "way/31962674"
    },
    {
      "type": "Feature",
      "properties": {
        "@id": "way/31962952",
        "addr:housenumber": "2405",
        "addr:postcode": "78712",
        "addr:state": "TX",
        "addr:street": "Robert Dedman Drive",
        "alt_name": "TCC",
        "building": "university",
        "ele": "177",
        "name": "Joe C. Thompson Conference Center",
        "ref": "TCC"
      },
      "geometry": {
        "type": "Polygon",
        "coordinates": [
          [
            [-97.728874, 30.2867291],
            [-97.7287379, 30.2871739],
            [-97.7287999, 30.287188],
            [-97.7289424, 30.2872206],
            [-97.7289523, 30.2871884],
            [-97.7292555, 30.2872575],
            [-97.7293671, 30.287283],
            [-97.7294505, 30.2870104],
            [-97.7293068, 30.2869776],
            [-97.7290342, 30.2869154],
            [-97.7290611, 30.2868276],
            [-97.7290771, 30.2867755],
            [-97.728874, 30.2867291]
          ]
        ]
      },
      "id": "way/31962952"
    },
    {
      "type": "Feature",
      "properties": {
        "@id": "way/31963306",
        "addr:housenumber": "2017",
        "addr:postcode": "78712",
        "addr:state": "TX",
        "addr:street": "Robert Dedman Drive",
        "alt_name": "MAG",
        "amenity": "parking",
        "building": "yes",
        "building:levels": "6",
        "ele": "173",
        "name": "Manor Garage",
        "parking": "multi-storey",
        "ref": "MAG"
      },
      "geometry": {
        "type": "Polygon",
        "coordinates": [
          [
            [-97.7310153, 30.2820924],
            [-97.7305776, 30.2834256],
            [-97.7305728, 30.2834439],
            [-97.7306041, 30.283451],
            [-97.7306998, 30.2834713],
            [-97.730778, 30.2834895],
            [-97.7309171, 30.2835218],
            [-97.7309322, 30.2834717],
            [-97.7309426, 30.283437],
            [-97.7310105, 30.2834516],
            [-97.7313695, 30.2822709],
            [-97.7313974, 30.2821859],
            [-97.731325, 30.2821665],
            [-97.7313371, 30.2821293],
            [-97.7310252, 30.2820621],
            [-97.7310153, 30.2820924]
          ]
        ]
      },
      "id": "way/31963306"
    },
    {
      "type": "Feature",
      "properties": {
        "@id": "way/31963393",
        "addr:housenumber": "2201",
        "addr:postcode": "78712",
        "addr:state": "TX",
        "addr:street": "Robert Dedman Drive",
        "alt_name": "UPB",
        "amenity": "police",
        "building": "university",
        "ele": "179",
        "name": "University Police Building",
        "ref": "UPB"
      },
      "geometry": {
        "type": "Polygon",
        "coordinates": [
          [
            [-97.7307981, 30.2839831],
            [-97.7301725, 30.2838432],
            [-97.7300767, 30.284163],
            [-97.7307022, 30.2843029],
            [-97.7307981, 30.2839831]
          ]
        ]
      },
      "id": "way/31963393"
    },
    {
      "type": "Feature",
      "properties": {
        "@id": "way/38607779",
        "addr:city": "Austin",
        "addr:housenumber": "205",
        "addr:postcode": "78705",
        "addr:state": "TX",
        "addr:street": "West 24th Street",
        "alt_name": "BIO",
        "building": "university",
        "building:facade:colour": "beige",
        "height": "23",
        "name": "Biological Laboratories",
        "ref": "BIO",
        "roof:colour": "#784949",
        "roof:height": "6",
        "roof:shape": "hipped"
      },
      "geometry": {
        "type": "Polygon",
        "coordinates": [
          [
            [-97.7400727, 30.2873489],
            [-97.7400941, 30.2871354],
            [-97.7394514, 30.2870874],
            [-97.73943, 30.2873009],
            [-97.7400727, 30.2873489]
          ]
        ]
      },
      "id": "way/38607779"
    },
    {
      "type": "Feature",
      "properties": {
        "@id": "way/38607780",
        "addr:housenumber": "306",
        "addr:postcode": "78712",
        "addr:state": "TX",
        "addr:street": "Inner Campus Drive",
        "alt_name": "WMB",
        "building": "office",
        "building:levels": "5",
        "ele": "179",
        "height": "20",
        "name": "West Mall Office Building",
        "ref": "WMB",
        "roof:colour": "#784949",
        "roof:height": "5",
        "roof:shape": "hipped"
      },
      "geometry": {
        "type": "Polygon",
        "coordinates": [
          [
            [-97.7405368, 30.2853069],
            [-97.7405124, 30.2855501],
            [-97.7405057, 30.2856166],
            [-97.7407131, 30.2856321],
            [-97.740751, 30.2852536],
            [-97.7405437, 30.2852381],
            [-97.7405368, 30.2853069]
          ]
        ]
      },
      "id": "way/38607780"
    },
    {
      "type": "Feature",
      "properties": {
        "@id": "way/38607784",
        "addr:city": "Austin",
        "addr:housenumber": "2304",
        "addr:postcode": "78712",
        "addr:state": "TX",
        "addr:street": "Whitis Avenue",
        "alt_name": "FAC",
        "building": "university",
        "building:levels": "4",
        "name": "Peter T. Flawn Academic Center",
        "ref": "FAC",
        "wikidata": "Q5458235"
      },
      "geometry": {
        "type": "Polygon",
        "coordinates": [
          [
            [-97.7406148, 30.2865995],
            [-97.7406241, 30.2865092],
            [-97.7406508, 30.2865116],
            [-97.7407166, 30.2865802],
            [-97.7408262, 30.2865884],
            [-97.7409033, 30.2865301],
            [-97.7409123, 30.2864405],
            [-97.7408483, 30.2863715],
            [-97.7407404, 30.2863635],
            [-97.7406614, 30.2864228],
            [-97.7406332, 30.2864203],
            [-97.7406737, 30.2860254],
            [-97.7404234, 30.2860063],
            [-97.7402723, 30.2859947],
            [-97.7400731, 30.2859795],
            [-97.7400106, 30.2859747],
            [-97.7399518, 30.2865488],
            [-97.7406148, 30.2865995]
          ]
        ]
      },
      "id": "way/38607784"
    },
    {
      "type": "Feature",
      "properties": {
        "@id": "way/38607785",
        "addr:city": "Austin",
        "addr:housenumber": "2300",
        "addr:postcode": "78712",
        "addr:state": "TX",
        "addr:street": "Whitis Avenue",
        "alt_name": "HMA",
        "building": "university",
        "name": "Hogg Memorial Auditorium",
        "ref": "HMA",
        "wheelchair": "limited",
        "wikidata": "Q5877250"
      },
      "geometry": {
        "type": "Polygon",
        "coordinates": [
          [
            [-97.740396, 30.2869837],
            [-97.7404828, 30.2869899],
            [-97.740482, 30.2869977],
            [-97.7407428, 30.2870186],
            [-97.7407438, 30.2870095],
            [-97.7408253, 30.2870159],
            [-97.7408279, 30.28699],
            [-97.7408558, 30.286992],
            [-97.7408745, 30.2868057],
            [-97.7408455, 30.2868035],
            [-97.7408481, 30.2867774],
            [-97.7407702, 30.2867717],
            [-97.7407713, 30.2867634],
            [-97.7405102, 30.2867414],
            [-97.7405089, 30.2867527],
            [-97.740419, 30.2867453],
            [-97.740415, 30.2867813],
            [-97.7403987, 30.2867798],
            [-97.7403793, 30.2869496],
            [-97.7403991, 30.2869513],
            [-97.740396, 30.2869837]
          ]
        ]
      },
      "id": "way/38607785"
    },
    {
      "type": "Feature",
      "properties": {
        "@id": "way/38607786",
        "addr:city": "Austin",
        "addr:housenumber": "2308",
        "addr:postcode": "78712",
        "addr:state": "TX",
        "addr:street": "Whitis Avenue",
        "alt_name": "UNB",
        "building": "university",
        "name": "Union Building",
        "ref": "UNB",
        "wikidata": "Q14711388"
      },
      "geometry": {
        "type": "Polygon",
        "coordinates": [
          [
            [-97.7409337, 30.2870002],
            [-97.7409789, 30.2870035],
            [-97.7410407, 30.2870079],
            [-97.7410349, 30.2870668],
            [-97.7410122, 30.2872936],
            [-97.7411874, 30.2873067],
            [-97.7412102, 30.2870796],
            [-97.7412159, 30.2870207],
            [-97.7413045, 30.2870271],
            [-97.7413281, 30.2867835],
            [-97.7414452, 30.2867925],
            [-97.7414681, 30.2865724],
            [-97.7413279, 30.2865615],
            [-97.7413299, 30.2865462],
            [-97.7413665, 30.2861859],
            [-97.7413775, 30.28608],
            [-97.7413806, 30.2860508],
            [-97.7413091, 30.2860453],
            [-97.7413133, 30.2860053],
            [-97.7413071, 30.2860048],
            [-97.7411972, 30.2859964],
            [-97.7411785, 30.285995],
            [-97.7411758, 30.2860214],
            [-97.7408202, 30.2859953],
            [-97.7408051, 30.2861481],
            [-97.7409636, 30.2861598],
            [-97.7409991, 30.2861624],
            [-97.740994, 30.2862114],
            [-97.7410079, 30.2862124],
            [-97.7409775, 30.2865204],
            [-97.7410078, 30.2865226],
            [-97.7409957, 30.2866496],
            [-97.7409679, 30.2866476],
            [-97.7409337, 30.2870002]
          ]
        ]
      },
      "id": "way/38607786"
    },
    {
      "type": "Feature",
      "properties": {
        "@id": "way/38607983",
        "addr:housenumber": "120",
        "addr:postcode": "78712",
        "addr:state": "TX",
        "addr:street": "Inner Campus Drive",
        "alt_name": "WCH",
        "building": "university",
        "building:facade:colour": "beige",
        "ele": "178",
        "height": "22",
        "name": "Will C. Hogg Building",
        "ref": "WCH",
        "roof:colour": "#784949",
        "roof:height": "5",
        "roof:shape": "hipped"
      },
      "geometry": {
        "type": "Polygon",
        "coordinates": [
          [
            [-97.7381315, 30.2861683],
            [-97.7386587, 30.2862077],
            [-97.7386671, 30.2861236],
            [-97.7386788, 30.2860071],
            [-97.7384163, 30.2859875],
            [-97.7384103, 30.285987],
            [-97.7381512, 30.2859663],
            [-97.7381315, 30.2861683]
          ]
        ]
      },
      "id": "way/38607983"
    },
    {
      "type": "Feature",
      "properties": {
        "@id": "way/38607984",
        "addr:housenumber": "2210",
        "addr:postcode": "78705",
        "addr:state": "TX",
        "addr:street": "Speedway",
        "alt_name": "WAG",
        "building": "university",
        "building:levels": "5",
        "ele": "170",
        "height": "23",
        "name": "Waggener Hall",
        "ref": "WAG",
        "roof:colour": "#784949",
        "roof:height": "4",
        "roof:shape": "hipped",
        "wikidata": "Q7959540"
      },
      "geometry": {
        "type": "Polygon",
        "coordinates": [
          [
            [-97.7376787, 30.2854014],
            [-97.7376909, 30.28528],
            [-97.7377075, 30.2851141],
            [-97.7377244, 30.2849456],
            [-97.7377365, 30.2848247],
            [-97.7375288, 30.2848092],
            [-97.7375159, 30.2849381],
            [-97.737483, 30.285266],
            [-97.737471, 30.2853858],
            [-97.7376787, 30.2854014]
          ]
        ]
      },
      "id": "way/38607984"
    },
    {
      "type": "Feature",
      "properties": {
        "@id": "way/38607989",
        "addr:city": "Austin",
        "addr:housenumber": "103",
        "addr:postcode": "78712",
        "addr:state": "TX",
        "addr:street": "West 24th Street",
        "alt_name": "PAI",
        "building": "university",
        "ele": "176",
        "name": "T. S. Painter Hall",
        "ref": "PAI",
        "wikidata": "Q7125052"
      },
      "geometry": {
        "type": "Polygon",
        "coordinates": [
          [
            [-97.7390816, 30.2872723],
            [-97.7391032, 30.2870633],
            [-97.7389806, 30.2870532],
            [-97.7386547, 30.2870283],
            [-97.738672, 30.2868556],
            [-97.7387989, 30.286865],
            [-97.7388162, 30.2866925],
            [-97.7384958, 30.2866686],
            [-97.7384613, 30.2870135],
            [-97.7384453, 30.2870122],
            [-97.7384237, 30.2872229],
            [-97.738959, 30.2872637],
            [-97.7390816, 30.2872723]
          ]
        ]
      },
      "id": "way/38607989"
    },
    {
      "type": "Feature",
      "properties": {
        "@id": "way/38607992",
        "addr:housenumber": "116",
        "addr:postcode": "78705",
        "addr:state": "TX",
        "addr:street": "Inner Campus Drive",
        "alt_name": "GEB",
        "building": "university",
        "building:facade:colour": "beige",
        "ele": "179",
        "height": "21",
        "name": "Dorothy Gebauer Building",
        "ref": "GEB"
      },
      "geometry": {
        "type": "Polygon",
        "coordinates": [
          [
            [-97.7388438, 30.2862568],
            [-97.7387126, 30.286247],
            [-97.7387099, 30.2862738],
            [-97.7386372, 30.2862684],
            [-97.7385551, 30.2862623],
            [-97.7385578, 30.2862355],
            [-97.7384265, 30.2862257],
            [-97.7384068, 30.2864228],
            [-97.7385394, 30.2864327],
            [-97.7385408, 30.2864182],
            [-97.73869, 30.2864294],
            [-97.7386886, 30.2864434],
            [-97.7388241, 30.2864536],
            [-97.7388438, 30.2862568]
          ]
        ]
      },
      "id": "way/38607992"
    },
    {
      "type": "Feature",
      "properties": {
        "@id": "way/38624858",
        "addr:city": "Austin",
        "addr:housenumber": "2630",
        "addr:postcode": "78712",
        "addr:state": "TX",
        "addr:street": "Speedway",
        "alt_name": "SWG",
        "amenity": "parking",
        "building": "garage",
        "building:levels": "7",
        "ele": "176",
        "name": "Speedway Garage",
        "ref": "SWG"
      },
      "geometry": {
        "type": "Polygon",
        "coordinates": [
          [
            [-97.737338, 30.2915236],
            [-97.7373497, 30.2913973],
            [-97.7374001, 30.290853],
            [-97.7368229, 30.2908132],
            [-97.7368141, 30.2909082],
            [-97.7368057, 30.2909989],
            [-97.7367608, 30.2914837],
            [-97.7372309, 30.2915162],
            [-97.737338, 30.2915236]
          ]
        ]
      },
      "id": "way/38624858"
    },
    {
      "type": "Feature",
      "properties": {
        "@id": "way/38624859",
        "addr:housenumber": "2616",
        "addr:postcode": "78712",
        "addr:state": "TX",
        "addr:street": "Wichita Street",
        "alt_name": "BWY",
        "building": "university",
        "name": "Bridgeway Building",
        "ref": "BWY"
      },
      "geometry": {
        "type": "Polygon",
        "coordinates": [
          [
            [-97.7383775, 30.2908626],
            [-97.7383885, 30.2907438],
            [-97.738066, 30.2907215],
            [-97.738055, 30.2908403],
            [-97.7383775, 30.2908626]
          ]
        ]
      },
      "id": "way/38624859"
    },
    {
      "type": "Feature",
      "properties": {
        "@id": "way/38624860",
        "addr:city": "Austin",
        "addr:housenumber": "100",
        "addr:postcode": "78712",
        "addr:state": "TX",
        "addr:street": "West Dean Keeton Street",
        "alt_name": "SSB",
        "building": "university",
        "building:levels": "4",
        "name": "Student Services Building",
        "ref": "SSB"
      },
      "geometry": {
        "type": "Polygon",
        "coordinates": [
          [
            [-97.7384118, 30.2904477],
            [-97.7384451, 30.2900553],
            [-97.7384619, 30.2900564],
            [-97.7388019, 30.2900779],
            [-97.7388242, 30.2898158],
            [-97.7381436, 30.2897728],
            [-97.738088, 30.2904272],
            [-97.7382651, 30.2904384],
            [-97.7384118, 30.2904477]
          ]
        ]
      },
      "id": "way/38624860"
    },
    {
      "type": "Feature",
      "properties": {
        "@id": "way/38624861",
        "addr:city": "Austin",
        "addr:housenumber": "2609",
        "addr:postcode": "78712",
        "addr:state": "TX",
        "addr:street": "University Avenue",
        "alt_name": "UA9",
        "building": "university",
        "name": "2609 University Avenue",
        "ref": "UA9"
      },
      "geometry": {
        "type": "Polygon",
        "coordinates": [
          [
            [-97.7388275, 30.2905105],
            [-97.7388392, 30.2903836],
            [-97.7386472, 30.2903704],
            [-97.7386588, 30.2902446],
            [-97.738849, 30.2902577],
            [-97.7388606, 30.2901324],
            [-97.7385376, 30.2901101],
            [-97.7385026, 30.290488],
            [-97.7388275, 30.2905105]
          ]
        ]
      },
      "id": "way/38624861"
    },
    {
      "type": "Feature",
      "properties": {
        "@id": "way/38624863",
        "addr:city": "Austin",
        "addr:housenumber": "109",
        "addr:postcode": "78712",
        "addr:state": "TX",
        "addr:street": "West 27th Street",
        "alt_name": "TSG",
        "amenity": "parking",
        "building": "garage",
        "building:levels": "5",
        "ele": "179",
        "layer": "1",
        "name": "27th Street Garage",
        "operator": "The University of Texas at Austin",
        "parking": "multi-storey",
        "ref": "TSG",
        "supervised": "no"
      },
      "geometry": {
        "type": "Polygon",
        "coordinates": [
          [
            [-97.7387939, 30.2916406],
            [-97.7388493, 30.2910419],
            [-97.7388586, 30.2909413],
            [-97.7382992, 30.2909026],
            [-97.738283, 30.2910779],
            [-97.7382344, 30.2916019],
            [-97.7383471, 30.2916097],
            [-97.7387939, 30.2916406]
          ]
        ]
      },
      "id": "way/38624863"
    },
    {
      "type": "Feature",
      "properties": {
        "@id": "way/38624864",
        "addr:housenumber": "101",
        "addr:postcode": "78712",
        "addr:state": "TX",
        "addr:street": "East 27th Street",
        "alt_name": "ASE",
        "building": "office",
        "building:levels": "7",
        "name": "Aerospace Engineering Building",
        "ref": "ASE"
      },
      "geometry": {
        "type": "Polygon",
        "coordinates": [
          [
            [-97.7375702, 30.2914126],
            [-97.7375987, 30.2911055],
            [-97.7377497, 30.2911159],
            [-97.7377716, 30.2908787],
            [-97.7374001, 30.290853],
            [-97.7373497, 30.2913973],
            [-97.7375702, 30.2914126]
          ]
        ]
      },
      "id": "way/38624864"
    },
    {
      "type": "Feature",
      "properties": {
        "@id": "way/38625297",
        "addr:city": "Austin",
        "addr:housenumber": "2415",
        "addr:postcode": "78712",
        "addr:state": "TX",
        "addr:street": "Speedway",
        "alt_name": "PAT",
        "building": "university",
        "building:levels": "6",
        "ele": "169",
        "name": "J. T. Patterson Laboratories Building",
        "ref": "PAT"
      },
      "geometry": {
        "type": "Polygon",
        "coordinates": [
          [
            [-97.7360908, 30.2881287],
            [-97.736725, 30.2881804],
            [-97.7367569, 30.2878881],
            [-97.7365647, 30.2878724],
            [-97.7361228, 30.2878364],
            [-97.7360908, 30.2881287]
          ]
        ]
      },
      "id": "way/38625297"
    },
    {
      "type": "Feature",
      "properties": {
        "@id": "way/38625300",
        "addr:housenumber": "2515",
        "addr:postcode": "78712",
        "addr:state": "TX",
        "addr:street": "Speedway",
        "alt_name": "PMA",
        "building": "university",
        "building:levels": "14",
        "ele": "170",
        "name": "Physics, Math, and Astronomy Building",
        "old_name": "Robert Lee Moore Hall",
        "old_name:etymology": "Robert Lee Moore",
        "old_name:etymology:wikidata": "Q1398957",
        "old_ref": "RLM",
        "ref": "PMA",
        "wikidata": "Q55233828",
        "wikipedia": "en:Physics, Math, and Astronomy Building"
      },
      "geometry": {
        "type": "Polygon",
        "coordinates": [
          [
            [-97.7366142, 30.2891943],
            [-97.736649, 30.2888798],
            [-97.736568, 30.2888731],
            [-97.7365301, 30.28887],
            [-97.7362884, 30.2888501],
            [-97.736284, 30.2888897],
            [-97.7361839, 30.2888815],
            [-97.7362254, 30.288506],
            [-97.7361137, 30.2884968],
            [-97.7361051, 30.2885741],
            [-97.7360328, 30.2885681],
            [-97.7359909, 30.2889467],
            [-97.7360666, 30.288953],
            [-97.7360582, 30.2890292],
            [-97.7361722, 30.2890386],
            [-97.7361787, 30.2889803],
            [-97.7362465, 30.2889858],
            [-97.7362312, 30.2891235],
            [-97.7362628, 30.2891261],
            [-97.7362585, 30.289165],
            [-97.7366142, 30.2891943]
          ]
        ]
      },
      "id": "way/38625300"
    },
    {
      "type": "Feature",
      "properties": {
        "@id": "way/38625301",
        "addr:housenumber": "301",
        "addr:postcode": "78712",
        "addr:state": "TX",
        "addr:street": "East Dean Keeton Street",
        "alt_name": "ECJ",
        "building": "university",
        "building:levels": "11",
        "ele": "166",
        "name": "Ernest Cockrell, Jr. Hall",
        "ref": "ECJ"
      },
      "geometry": {
        "type": "Polygon",
        "coordinates": [
          [
            [-97.7358685, 30.2892033],
            [-97.7359067, 30.2888366],
            [-97.7358042, 30.2888286],
            [-97.7356389, 30.2888158],
            [-97.7355839, 30.2888115],
            [-97.7353595, 30.2887941],
            [-97.7351769, 30.2887799],
            [-97.7351632, 30.2887788],
            [-97.7351312, 30.2890868],
            [-97.735125, 30.2891456],
            [-97.7355995, 30.2891824],
            [-97.7357319, 30.2891927],
            [-97.7357683, 30.2891956],
            [-97.7358169, 30.2891993],
            [-97.7358685, 30.2892033]
          ]
        ]
      },
      "id": "way/38625301"
    },
    {
      "type": "Feature",
      "properties": {
        "@id": "way/42561353",
        "addr:housenumber": "128",
        "addr:postcode": "78705",
        "addr:state": "TX",
        "addr:street": "Inner Campus Drive",
        "alt_name": "GAR",
        "building": "university",
        "building:facade:colour": "beige",
        "ele": "179",
        "height": "23",
        "name": "Garrison Hall",
        "ref": "GAR",
        "roof:colour": "#784949",
        "roof:height": "4",
        "roof:shape": "hipped",
        "wikidata": "Q5524042"
      },
      "geometry": {
        "type": "Polygon",
        "coordinates": [
          [
            [-97.7387455, 30.285285],
            [-97.7387721, 30.2850072],
            [-97.7385537, 30.2849913],
            [-97.7385449, 30.2850852],
            [-97.7382357, 30.2850621],
            [-97.7382266, 30.2851525],
            [-97.7382173, 30.2852455],
            [-97.7387455, 30.285285]
          ]
        ]
      },
      "id": "way/42561353"
    },
    {
      "type": "Feature",
      "properties": {
        "@id": "way/42562527",
        "access": "yes",
        "addr:city": "Austin",
        "addr:housenumber": "2420",
        "addr:postcode": "78705",
        "addr:state": "TX",
        "addr:street": "San Antonio Street",
        "alt_name": "SAG",
        "amenity": "parking",
        "building": "garage",
        "building:levels": "7",
        "ele": "180",
        "fee": "yes",
        "name": "San Antonio Garage",
        "opening_hours": "24/7",
        "parking": "multi-storey",
        "ref": "SAG"
      },
      "geometry": {
        "type": "Polygon",
        "coordinates": [
          [
            [-97.7428946, 30.2890901],
            [-97.742903, 30.2890051],
            [-97.7429626, 30.288405],
            [-97.742966, 30.2883682],
            [-97.74291, 30.2883641],
            [-97.7429149, 30.2883146],
            [-97.7424821, 30.2882826],
            [-97.742477, 30.2883347],
            [-97.7424693, 30.2883341],
            [-97.7424738, 30.2882887],
            [-97.7424324, 30.2882856],
            [-97.7424279, 30.2883311],
            [-97.7424218, 30.2883307],
            [-97.7424187, 30.2883627],
            [-97.7423594, 30.2889636],
            [-97.7423558, 30.2890002],
            [-97.7424108, 30.2890042],
            [-97.7424058, 30.2890541],
            [-97.7428946, 30.2890901]
          ]
        ]
      },
      "id": "way/42562527"
    },
    {
      "type": "Feature",
      "properties": {
        "@id": "way/42807636",
        "addr:city": "Austin",
        "addr:housenumber": "2025",
        "addr:postcode": "78705",
        "addr:state": "TX",
        "addr:street": "Guadalupe Street",
        "alt_name": "D21",
        "building": "yes",
        "building:levels": "31",
        "name": "Dobie Twenty21",
        "ref": "D21",
        "source": "City of Austin",
        "start_date": "1972",
        "website": "https://housing.utexas.edu/housing/dobie-twenty21",
        "wheelchair": "yes",
        "wikidata": "Q5286585",
        "wikipedia": "en:Dobie Center"
      },
      "geometry": {
        "type": "Polygon",
        "coordinates": [
          [
            [-97.7417326, 30.2836985],
            [-97.7417918, 30.2831318],
            [-97.7415779, 30.2831154],
            [-97.7413435, 30.2830967],
            [-97.7409595, 30.2830671],
            [-97.740926, 30.2833914],
            [-97.7410415, 30.2834002],
            [-97.7410875, 30.2834523],
            [-97.7410646, 30.2834673],
            [-97.7410257, 30.2834232],
            [-97.7409947, 30.2834196],
            [-97.7410134, 30.2834759],
            [-97.7409161, 30.2834684],
            [-97.7408989, 30.2836342],
            [-97.7417326, 30.2836985]
          ]
        ]
      },
      "id": "way/42807636"
    },
    {
      "type": "Feature",
      "properties": {
        "@id": "way/52480996",
        "addr:housenumber": "2409",
        "addr:postcode": "78712",
        "addr:state": "TX",
        "addr:street": "University Avenue",
        "alt_name": "PHR",
        "building": "university",
        "layer": "1",
        "name": "Pharmacy Building",
        "ref": "PHR"
      },
      "geometry": {
        "type": "Polygon",
        "coordinates": [
          [
            [-97.7385906, 30.2881471],
            [-97.7387852, 30.2881619],
            [-97.738811, 30.287908],
            [-97.7382962, 30.2878691],
            [-97.7382702, 30.2881252],
            [-97.7385305, 30.2881449],
            [-97.7385288, 30.2881622],
            [-97.7385238, 30.2882111],
            [-97.7383869, 30.2882007],
            [-97.7383665, 30.2884023],
            [-97.7389004, 30.2884427],
            [-97.7389212, 30.2882381],
            [-97.7385839, 30.2882126],
            [-97.7385886, 30.2881665],
            [-97.7385906, 30.2881471]
          ]
        ]
      },
      "id": "way/52480996"
    },
    {
      "type": "Feature",
      "properties": {
        "@id": "way/79457819",
        "addr:housenumber": "2610",
        "addr:postcode": "78705",
        "addr:street": "San Jacinto Boulevard",
        "alt_name": "CS5",
        "building": "university",
        "building:levels": "2",
        "name": "Chilling Station No. 5",
        "ref": "CS5"
      },
      "geometry": {
        "type": "Polygon",
        "coordinates": [
          [
            [-97.735804, 30.2906034],
            [-97.7356853, 30.2905941],
            [-97.7351669, 30.2905537],
            [-97.7351492, 30.2907235],
            [-97.7357863, 30.2907731],
            [-97.735804, 30.2906034]
          ]
        ]
      },
      "id": "way/79457819"
    },
    {
      "type": "Feature",
      "properties": {
        "@id": "way/79457822",
        "addr:housenumber": "2613",
        "addr:postcode": "78705",
        "addr:street": "Speedway",
        "alt_name": "KEY",
        "building": "university",
        "building:levels": "2",
        "name": "Continuing Engineering Education",
        "ref": "CEE"
      },
      "geometry": {
        "type": "Polygon",
        "coordinates": [
          [
            [-97.7365553, 30.2906967],
            [-97.7365647, 30.2906005],
            [-97.7363248, 30.2905829],
            [-97.7363153, 30.2906791],
            [-97.7365553, 30.2906967]
          ]
        ]
      },
      "id": "way/79457822"
    },
    {
      "type": "Feature",
      "properties": {
        "@id": "way/79457826",
        "addr:housenumber": "2617",
        "addr:postcode": "78705",
        "addr:street": "Speedway",
        "alt_name": "SW7",
        "building": "university",
        "building:levels": "2",
        "name": "2617 Speedway",
        "ref": "SW7"
      },
      "geometry": {
        "type": "Polygon",
        "coordinates": [
          [
            [-97.7364583, 30.290934],
            [-97.7364658, 30.290858],
            [-97.7363523, 30.2908497],
            [-97.7363582, 30.2907896],
            [-97.7364696, 30.2907978],
            [-97.736479, 30.2907022],
            [-97.7362561, 30.2906858],
            [-97.7362333, 30.2909175],
            [-97.7364583, 30.290934]
          ]
        ]
      },
      "id": "way/79457826"
    },
    {
      "type": "Feature",
      "properties": {
        "@id": "way/79457840",
        "addr:housenumber": "2275",
        "addr:postcode": "78705",
        "addr:state": "TX",
        "addr:street": "Speedway",
        "alt_name": "EPS",
        "building": "university",
        "building:levels": "3",
        "ele": "166",
        "name": "E. P. Schoch Building",
        "ref": "EPS",
        "roof:levels": "1",
        "roof:shape": "hipped"
      },
      "geometry": {
        "type": "Polygon",
        "coordinates": [
          [
            [-97.7369494, 30.2858885],
            [-97.7369688, 30.285695],
            [-97.7363906, 30.2856518],
            [-97.7363712, 30.2858453],
            [-97.7369494, 30.2858885]
          ]
        ]
      },
      "id": "way/79457840"
    },
    {
      "type": "Feature",
      "properties": {
        "@id": "way/79457842",
        "addr:housenumber": "2225",
        "addr:postcode": "78705",
        "addr:state": "TX",
        "addr:street": "Speedway",
        "alt_name": "BRB",
        "building": "university",
        "building:levels": "3",
        "ele": "165",
        "name": "Bernard and Audre Rapoport Building",
        "ref": "BRB",
        "roof:levels": "1",
        "roof:shape": "hipped",
        "toilets:unisex": "yes"
      },
      "geometry": {
        "type": "Polygon",
        "coordinates": [
          [
            [-97.7370265, 30.2851513],
            [-97.736459, 30.2851089],
            [-97.73644, 30.2852985],
            [-97.7370075, 30.2853409],
            [-97.7370265, 30.2851513]
          ]
        ]
      },
      "id": "way/79457842"
    },
    {
      "type": "Feature",
      "properties": {
        "@id": "way/79457844",
        "addr:housenumber": "2501",
        "addr:postcode": "78705",
        "addr:state": "TX",
        "addr:street": "San Jacinto Boulevard",
        "alt_name": "CRH",
        "building": "dormitory",
        "ele": "160",
        "name": "Creekside Residence Hall",
        "ref": "CRH"
      },
      "geometry": {
        "type": "Polygon",
        "coordinates": [
          [
            [-97.7334759, 30.2889406],
            [-97.7335248, 30.288691],
            [-97.7334567, 30.2886811],
            [-97.7334826, 30.2885486],
            [-97.7335144, 30.288386],
            [-97.7335794, 30.2883955],
            [-97.7336249, 30.288163],
            [-97.7334952, 30.288144],
            [-97.733467, 30.2882881],
            [-97.7333977, 30.288278],
            [-97.7333617, 30.2884619],
            [-97.7330207, 30.2884122],
            [-97.7329989, 30.2885234],
            [-97.7333416, 30.2885734],
            [-97.7332991, 30.2887906],
            [-97.7333619, 30.2887998],
            [-97.7333383, 30.2889205],
            [-97.7334759, 30.2889406]
          ]
        ]
      },
      "id": "way/79457844"
    },
    {
      "type": "Feature",
      "properties": {
        "@id": "way/79457845",
        "addr:housenumber": "200",
        "addr:postcode": "78705",
        "addr:state": "TX",
        "addr:street": "East Dean Keeton Street",
        "alt_name": "CPE",
        "building": "university",
        "name": "Chemical and Petroleum Engineering Building",
        "ref": "CPE"
      },
      "geometry": {
        "type": "Polygon",
        "coordinates": [
          [
            [-97.7364745, 30.290508],
            [-97.7364841, 30.2904183],
            [-97.736491, 30.2903536],
            [-97.7365325, 30.2903569],
            [-97.7365462, 30.2902291],
            [-97.7365061, 30.2902259],
            [-97.7365283, 30.2900182],
            [-97.7361592, 30.2899888],
            [-97.7357992, 30.2899601],
            [-97.7357766, 30.290171],
            [-97.7357461, 30.2901686],
            [-97.7357328, 30.2902929],
            [-97.7357757, 30.2902964],
            [-97.7357692, 30.2903575],
            [-97.7357592, 30.290451],
            [-97.7364745, 30.290508]
          ]
        ]
      },
      "id": "way/79457845"
    },
    {
      "type": "Feature",
      "properties": {
        "@id": "way/79457846",
        "addr:housenumber": "2501",
        "addr:postcode": "78705",
        "addr:state": "TX",
        "addr:street": "Whitis Avenue",
        "alt_name": "CRD",
        "building": "dormitory",
        "ele": "184",
        "loc_name": "Honors Quad",
        "name": "Carothers Dormitory",
        "ref": "CRD"
      },
      "geometry": {
        "type": "Polygon",
        "coordinates": [
          [
            [-97.7401501, 30.2889978],
            [-97.7401766, 30.2887123],
            [-97.7402049, 30.2884064],
            [-97.7400893, 30.2883984],
            [-97.7400588, 30.2883963],
            [-97.7400428, 30.2883952],
            [-97.7400149, 30.2886966],
            [-97.739988, 30.2889866],
            [-97.7400511, 30.288991],
            [-97.7401501, 30.2889978]
          ]
        ]
      },
      "id": "way/79457846"
    },
    {
      "type": "Feature",
      "properties": {
        "@id": "way/79457847",
        "addr:housenumber": "2503",
        "addr:postcode": "78705",
        "addr:state": "TX",
        "addr:street": "Whitis Avenue",
        "alt_name": "LTD",
        "building": "dormitory",
        "ele": "182",
        "loc_name": "Honors Quad",
        "name": "Littlefield Dormitory",
        "ref": "LTD"
      },
      "geometry": {
        "type": "Polygon",
        "coordinates": [
          [
            [-97.7400318, 30.2894115],
            [-97.7400528, 30.289184],
            [-97.7400334, 30.2891827],
            [-97.7399116, 30.2891743],
            [-97.7399028, 30.2892697],
            [-97.7395701, 30.2892467],
            [-97.7395788, 30.2891536],
            [-97.7394335, 30.2891436],
            [-97.7394329, 30.2891496],
            [-97.739404, 30.2894613],
            [-97.7395498, 30.2894713],
            [-97.7395584, 30.2893788],
            [-97.7400318, 30.2894115]
          ]
        ]
      },
      "id": "way/79457847"
    },
    {
      "type": "Feature",
      "properties": {
        "@id": "way/79457848",
        "addr:housenumber": "210",
        "addr:postcode": "78705",
        "addr:state": "TX",
        "addr:street": "West 24th Street",
        "alt_name": "GWB",
        "building": "university",
        "building:levels": "5",
        "name": "Gordon-White Building",
        "ref": "GWB"
      },
      "geometry": {
        "type": "Polygon",
        "coordinates": [
          [
            [-97.7397058, 30.2877931],
            [-97.7397515, 30.2877953],
            [-97.7397457, 30.2878451],
            [-97.739706, 30.2878433],
            [-97.739692, 30.2880032],
            [-97.7399299, 30.288019],
            [-97.7399347, 30.2879221],
            [-97.7400663, 30.28793],
            [-97.740076, 30.2878196],
            [-97.7401822, 30.2878252],
            [-97.7401974, 30.2876774],
            [-97.739723, 30.2876459],
            [-97.7397058, 30.2877931]
          ]
        ]
      },
      "id": "way/79457848"
    },
    {
      "type": "Feature",
      "properties": {
        "@id": "way/79457849",
        "addr:housenumber": "200",
        "addr:postcode": "78705",
        "addr:state": "TX",
        "addr:street": "West 24th Street",
        "alt_name": "GEA",
        "building": "university",
        "ele": "178",
        "name": "Mary E. Gearing Hall",
        "ref": "GEA"
      },
      "geometry": {
        "type": "Polygon",
        "coordinates": [
          [
            [-97.7395005, 30.287588],
            [-97.7393572, 30.2875775],
            [-97.7393428, 30.2877244],
            [-97.7392177, 30.2877153],
            [-97.7390887, 30.2877059],
            [-97.7391028, 30.287561],
            [-97.7389616, 30.2875507],
            [-97.7389332, 30.2878416],
            [-97.7392079, 30.2878616],
            [-97.7394719, 30.2878809],
            [-97.7395005, 30.287588]
          ]
        ]
      },
      "id": "way/79457849"
    },
    {
      "type": "Feature",
      "properties": {
        "@id": "way/79457851",
        "addr:housenumber": "2500",
        "addr:postcode": "78705",
        "addr:state": "TX",
        "addr:street": "University Avenue",
        "alt_name": "BLD",
        "building": "dormitory",
        "ele": "180",
        "loc_name": "Honors Quad",
        "name": "Blanton Dormitory",
        "ref": "BLD"
      },
      "geometry": {
        "type": "Polygon",
        "coordinates": [
          [
            [-97.7395588, 30.2881068],
            [-97.7394501, 30.2880993],
            [-97.7394299, 30.2883175],
            [-97.7393406, 30.2883113],
            [-97.7392807, 30.2889615],
            [-97.7394148, 30.2889707],
            [-97.7394269, 30.2889715],
            [-97.7394823, 30.2883697],
            [-97.739576, 30.2883762],
            [-97.739585, 30.2882788],
            [-97.7396821, 30.2882855],
            [-97.7396873, 30.2882297],
            [-97.7395483, 30.2882201],
            [-97.7395588, 30.2881068]
          ]
        ]
      },
      "id": "way/79457851"
    },
    {
      "type": "Feature",
      "properties": {
        "@id": "way/92460208",
        "addr:housenumber": "709",
        "addr:postcode": "78701",
        "addr:street": "East Martin Luther King Jr Boulevard",
        "alt_name": "ANB",
        "building": "university",
        "ele": "169",
        "name": "Arno Nowotny Building",
        "ref": "ANB"
      },
      "geometry": {
        "type": "Polygon",
        "coordinates": [
          [
            [-97.731174, 30.2783434],
            [-97.7311978, 30.2782782],
            [-97.7311095, 30.2782542],
            [-97.7311323, 30.2781916],
            [-97.7310557, 30.2781708],
            [-97.7309741, 30.2781486],
            [-97.7309526, 30.2782078],
            [-97.7308633, 30.2781836],
            [-97.7308383, 30.2782522],
            [-97.731174, 30.2783434]
          ]
        ]
      },
      "id": "way/92460208"
    },
    {
      "type": "Feature",
      "properties": {
        "@id": "way/92460267",
        "addr:city": "Austin",
        "addr:housenumber": "1823",
        "addr:postcode": "78701",
        "addr:state": "TX",
        "addr:street": "Red River Street",
        "alt_name": "Undergraduate Admissions Center",
        "building": "university",
        "ele": "166",
        "name": "John W. Hargis Hall",
        "ref": "JHH"
      },
      "geometry": {
        "type": "Polygon",
        "coordinates": [
          [
            [-97.7320294, 30.2786378],
            [-97.7321164, 30.278397],
            [-97.7320706, 30.2783846],
            [-97.7320787, 30.2783621],
            [-97.7321075, 30.2783698],
            [-97.7321937, 30.2781316],
            [-97.732044, 30.2780912],
            [-97.731998, 30.2782184],
            [-97.7319811, 30.2782139],
            [-97.73196, 30.278272],
            [-97.7319751, 30.278276],
            [-97.731957, 30.2783262],
            [-97.7319845, 30.2783337],
            [-97.731979, 30.2783489],
            [-97.7319767, 30.2783553],
            [-97.7319434, 30.2783463],
            [-97.7318557, 30.278589],
            [-97.7319134, 30.2786046],
            [-97.7319082, 30.2786191],
            [-97.7319667, 30.2786349],
            [-97.7319713, 30.2786221],
            [-97.7320294, 30.2786378]
          ]
        ]
      },
      "id": "way/92460267"
    },
    {
      "type": "Feature",
      "properties": {
        "@id": "way/124952572",
        "addr:city": "Austin",
        "addr:housenumber": "1616",
        "addr:postcode": "78701",
        "addr:street": "Guadalupe Street",
        "building": "university",
        "building:levels": "7",
        "name": "UT Administration Building",
        "phone": "+1-512-471-3821",
        "ref": "UTA",
        "source": "http://www.emporis.com/building/1616guadalupe-austin-tx-usa",
        "website": "https://www.ischool.utexas.edu",
        "wikipedia": "en:University of Texas at Austin School of Information"
      },
      "geometry": {
        "type": "Polygon",
        "coordinates": [
          [
            [-97.7431623, 30.2790823],
            [-97.7427394, 30.2789652],
            [-97.7425287, 30.2795327],
            [-97.7429516, 30.2796498],
            [-97.7431623, 30.2790823]
          ]
        ]
      },
      "id": "way/124952572"
    },
    {
      "type": "Feature",
      "properties": {
        "@id": "way/124952573",
        "addr:city": "Austin",
        "addr:housenumber": "417",
        "addr:postcode": "78701",
        "addr:state": "TX",
        "addr:street": "West 17th Street",
        "amenity": "parking",
        "building": "garage",
        "building:levels": "7",
        "name": "Guadalupe Garage",
        "parking": "multi-storey",
        "ref": "GUG"
      },
      "geometry": {
        "type": "Polygon",
        "coordinates": [
          [
            [-97.7435495, 30.279242],
            [-97.7431716, 30.2791374],
            [-97.7429222, 30.2798091],
            [-97.7433001, 30.2799138],
            [-97.7434051, 30.2796309],
            [-97.7435495, 30.279242]
          ]
        ]
      },
      "id": "way/124952573"
    },
    {
      "type": "Feature",
      "properties": {
        "@id": "way/124953720",
        "addr:city": "Austin",
        "addr:housenumber": "203",
        "addr:postcode": "78705",
        "addr:state": "TX",
        "addr:street": "East 21st Street",
        "alt_name": "JCD",
        "building": "dormitory",
        "building:levels": "10",
        "name": "Jester East Hall",
        "ref": "JCD"
      },
      "geometry": {
        "type": "Polygon",
        "coordinates": [
          [
            [-97.7363953, 30.2827636],
            [-97.7364138, 30.2825804],
            [-97.7364356, 30.2823641],
            [-97.7362539, 30.2823505],
            [-97.7362585, 30.2823053],
            [-97.7361314, 30.2822958],
            [-97.7361266, 30.2823434],
            [-97.7359231, 30.2823281],
            [-97.7359276, 30.2822833],
            [-97.7358052, 30.2822741],
            [-97.7358009, 30.2823161],
            [-97.7357486, 30.2823122],
            [-97.7357353, 30.2823112],
            [-97.7357605, 30.2820616],
            [-97.7359798, 30.2820781],
            [-97.7359905, 30.2819722],
            [-97.7357626, 30.2819551],
            [-97.7357656, 30.2819253],
            [-97.7357245, 30.2819222],
            [-97.7356562, 30.2819171],
            [-97.7356355, 30.2819155],
            [-97.7356328, 30.2819427],
            [-97.7354363, 30.281928],
            [-97.7354255, 30.282036],
            [-97.7356367, 30.2820518],
            [-97.7356279, 30.2821392],
            [-97.7355826, 30.2821358],
            [-97.7355717, 30.2822439],
            [-97.7356167, 30.2822473],
            [-97.73561, 30.2823141],
            [-97.7354633, 30.282303],
            [-97.7354152, 30.2827803],
            [-97.7355438, 30.28279],
            [-97.7355826, 30.282405],
            [-97.7356212, 30.2824079],
            [-97.7360174, 30.2824377],
            [-97.7362401, 30.2824545],
            [-97.7363031, 30.2824592],
            [-97.7362947, 30.2825427],
            [-97.736294, 30.2825497],
            [-97.7362457, 30.2825461],
            [-97.7362447, 30.2825563],
            [-97.7362349, 30.2826529],
            [-97.7362856, 30.2826567],
            [-97.7362758, 30.2827546],
            [-97.7363953, 30.2827636]
          ]
        ]
      },
      "id": "way/124953720"
    },
    {
      "type": "Feature",
      "properties": {
        "@id": "way/125100401",
        "addr:city": "Austin",
        "addr:housenumber": "309",
        "addr:postcode": "78705",
        "addr:state": "TX",
        "addr:street": "East 21st Street",
        "alt_name": "SJH",
        "building": "dormitory",
        "building:prefabricated": "no",
        "ele": "156",
        "loc_name": "San Jac",
        "name": "San Jacinto Hall",
        "ref": "SJH"
      },
      "geometry": {
        "type": "Polygon",
        "coordinates": [
          [
            [-97.7341469, 30.2823439],
            [-97.734112, 30.2823995],
            [-97.7340933, 30.282462],
            [-97.7340852, 30.2825223],
            [-97.7340852, 30.2825871],
            [-97.7341092, 30.2826748],
            [-97.7342433, 30.2826849],
            [-97.734237, 30.282748],
            [-97.7342938, 30.2827523],
            [-97.7342865, 30.2828257],
            [-97.734406, 30.2828347],
            [-97.7343805, 30.2830876],
            [-97.7345259, 30.2830985],
            [-97.7345772, 30.2831024],
            [-97.7346165, 30.2827125],
            [-97.7345023, 30.2827039],
            [-97.7345279, 30.28245],
            [-97.7345563, 30.2824521],
            [-97.7345586, 30.2824291],
            [-97.7345898, 30.2824314],
            [-97.7345969, 30.2823612],
            [-97.7346042, 30.2822887],
            [-97.7345925, 30.2822879],
            [-97.734606, 30.2821545],
            [-97.7346559, 30.2821582],
            [-97.7346642, 30.2820766],
            [-97.7349182, 30.2821017],
            [-97.7349377, 30.2819295],
            [-97.7345155, 30.281892],
            [-97.7345075, 30.2819716],
            [-97.7344025, 30.2819637],
            [-97.734408, 30.2819093],
            [-97.7342574, 30.281898],
            [-97.7342521, 30.2819508],
            [-97.7341407, 30.2819424],
            [-97.734149, 30.2818601],
            [-97.7337514, 30.2818302],
            [-97.7337341, 30.2820019],
            [-97.7339747, 30.28202],
            [-97.7339932, 30.2820214],
            [-97.733981, 30.2821066],
            [-97.7342235, 30.2821225],
            [-97.7343064, 30.2821287],
            [-97.7342935, 30.2822572],
            [-97.7342276, 30.2822523],
            [-97.7342208, 30.2823197],
            [-97.7342818, 30.2823243],
            [-97.7342788, 30.2823538],
            [-97.7341469, 30.2823439]
          ]
        ]
      },
      "id": "way/125100401"
    },
    {
      "type": "Feature",
      "properties": {
        "@id": "way/126017770",
        "addr:housenumber": "2624",
        "addr:postcode": "78705",
        "addr:street": "Whitis Avenue",
        "alt_name": "ADH",
        "building": "dormitory",
        "name": "Almetris Duren Hall",
        "ref": "ADH"
      },
      "geometry": {
        "type": "Polygon",
        "coordinates": [
          [
            [-97.7410169, 30.2916712],
            [-97.7410525, 30.2913072],
            [-97.7402763, 30.2912507],
            [-97.7402497, 30.2915233],
            [-97.7402426, 30.2915958],
            [-97.7402629, 30.2915972],
            [-97.7402574, 30.2916535],
            [-97.7402454, 30.2917759],
            [-97.7408246, 30.2918181],
            [-97.740833, 30.2917313],
            [-97.7404018, 30.2916999],
            [-97.7404109, 30.2916063],
            [-97.7404184, 30.2916069],
            [-97.7404291, 30.2914965],
            [-97.7405093, 30.2915023],
            [-97.7405176, 30.2914163],
            [-97.7408705, 30.291442],
            [-97.7408564, 30.2915864],
            [-97.7409275, 30.2915915],
            [-97.7409204, 30.2916642],
            [-97.7410169, 30.2916712]
          ]
        ]
      },
      "id": "way/126017770"
    },
    {
      "type": "Feature",
      "properties": {
        "@id": "way/126017771",
        "access": "yes",
        "addr:housenumber": "2501",
        "addr:postcode": "78712",
        "addr:street": "Wichita Street",
        "alt_name": "AHG",
        "building": "university",
        "ele": "173",
        "leisure": "sports_centre",
        "name": "Anna Hiss Gymnasium",
        "ref": "AHG",
        "toilets:for:unisex": "yes",
        "wheelchair": "limited"
      },
      "geometry": {
        "type": "Polygon",
        "coordinates": [
          [
            [-97.7379535, 30.2889189],
            [-97.7379706, 30.2887432],
            [-97.7379066, 30.2887386],
            [-97.7379477, 30.2883182],
            [-97.7380089, 30.2883227],
            [-97.7380235, 30.2881741],
            [-97.7375102, 30.2881367],
            [-97.7374911, 30.2883316],
            [-97.7378086, 30.2883547],
            [-97.7377757, 30.2886911],
            [-97.7374567, 30.2886678],
            [-97.7374359, 30.2888812],
            [-97.7379535, 30.2889189]
          ]
        ]
      },
      "id": "way/126017771"
    },
    {
      "type": "Feature",
      "properties": {
        "@id": "way/126017772",
        "addr:housenumber": "2505",
        "addr:postcode": "78712",
        "addr:street": "University Avenue",
        "alt_name": "BUR",
        "building": "university",
        "ele": "175",
        "name": "Burdine Hall",
        "ref": "BUR",
        "wikidata": "Q48838032"
      },
      "geometry": {
        "type": "Polygon",
        "coordinates": [
          [
            [-97.7384054, 30.2891026],
            [-97.7384189, 30.289086],
            [-97.7385501, 30.2891441],
            [-97.7385805, 30.2891103],
            [-97.7385967, 30.2890799],
            [-97.7386092, 30.289049],
            [-97.7386343, 30.2890569],
            [-97.7386438, 30.2889523],
            [-97.7386184, 30.2889549],
            [-97.7386092, 30.2889235],
            [-97.7385962, 30.2888912],
            [-97.738581, 30.288858],
            [-97.738512, 30.2888753],
            [-97.7385199, 30.2887896],
            [-97.7385433, 30.2887912],
            [-97.7385453, 30.2887703],
            [-97.7388411, 30.2887905],
            [-97.7388448, 30.2887505],
            [-97.738863, 30.2887518],
            [-97.738868, 30.2886969],
            [-97.7388232, 30.2886938],
            [-97.7388275, 30.2886464],
            [-97.7384454, 30.2886203],
            [-97.7384467, 30.2886051],
            [-97.7382496, 30.2885917],
            [-97.7382333, 30.2887696],
            [-97.7381851, 30.2887663],
            [-97.7381606, 30.2890335],
            [-97.7382073, 30.2890367],
            [-97.7382031, 30.2890819],
            [-97.7382737, 30.2890867],
            [-97.7382751, 30.2890717],
            [-97.7383673, 30.289078],
            [-97.7383653, 30.2890998],
            [-97.7384054, 30.2891026]
          ]
        ]
      },
      "id": "way/126017772"
    },
    {
      "type": "Feature",
      "properties": {
        "@id": "way/126017773",
        "addr:housenumber": "2504A",
        "addr:postcode": "78705",
        "addr:street": "Whitis Avenue",
        "alt_name": "CMA",
        "building": "university",
        "ele": "183",
        "height": "20.1168",
        "name": "Jesse H. Jones Communication Center - A",
        "ref": "CMA"
      },
      "geometry": {
        "type": "Polygon",
        "coordinates": [
          [
            [-97.740913, 30.2896188],
            [-97.7409303, 30.2894299],
            [-97.7409197, 30.2894292],
            [-97.7409222, 30.2894019],
            [-97.7409342, 30.2894027],
            [-97.7409408, 30.2893304],
            [-97.7409488, 30.2892438],
            [-97.7408858, 30.2892395],
            [-97.7405598, 30.2892173],
            [-97.7405454, 30.2893752],
            [-97.7405578, 30.2893761],
            [-97.7405551, 30.2894067],
            [-97.7405426, 30.2894059],
            [-97.7405358, 30.28948],
            [-97.7405255, 30.2895924],
            [-97.740913, 30.2896188]
          ]
        ]
      },
      "id": "way/126017773"
    },
    {
      "type": "Feature",
      "properties": {
        "@id": "way/126017774",
        "addr:housenumber": "2504B",
        "addr:postcode": "78705",
        "addr:street": "Whitis Avenue",
        "alt_name": "CMB",
        "building": "university",
        "ele": "183",
        "height": "33.528",
        "name": "Jesse H. Jones Communication Center - B",
        "ref": "CMB"
      },
      "geometry": {
        "type": "Polygon",
        "coordinates": [
          [
            [-97.7412797, 30.2895258],
            [-97.7413326, 30.2888892],
            [-97.7410533, 30.2888719],
            [-97.741041, 30.2890192],
            [-97.7410003, 30.2895085],
            [-97.7412797, 30.2895258]
          ]
        ]
      },
      "id": "way/126017774"
    },
    {
      "type": "Feature",
      "properties": {
        "@id": "way/126017775",
        "addr:housenumber": "102",
        "addr:postcode": "78712",
        "addr:street": "East 24th Street",
        "alt_name": "FNT",
        "building": "university",
        "building:levels": "9",
        "name": "Larry R. Faulkner Nano Science and Technology Building",
        "ref": "FNT"
      },
      "geometry": {
        "type": "Polygon",
        "coordinates": [
          [
            [-97.7382055, 30.2879596],
            [-97.7382247, 30.2877723],
            [-97.7377927, 30.2877391],
            [-97.7377734, 30.2879264],
            [-97.7382055, 30.2879596]
          ]
        ]
      },
      "id": "way/126017775"
    },
    {
      "type": "Feature",
      "properties": {
        "@id": "way/126017776",
        "addr:housenumber": "2410",
        "addr:postcode": "78705",
        "addr:street": "Whitis Avenue",
        "alt_name": "LCH",
        "building": "university",
        "building:levels": "2",
        "ele": "183",
        "name": "Littlefield Carriage House",
        "ref": "LCH"
      },
      "geometry": {
        "type": "Polygon",
        "coordinates": [
          [
            [-97.7409312, 30.288499],
            [-97.7408188, 30.2884898],
            [-97.7408043, 30.2886221],
            [-97.7409167, 30.2886313],
            [-97.7409312, 30.288499]
          ]
        ]
      },
      "id": "way/126017776"
    },
    {
      "type": "Feature",
      "properties": {
        "@id": "way/126017777",
        "addr:housenumber": "302",
        "addr:postcode": "78705",
        "addr:street": "West 24th Street",
        "alt_name": "LFH",
        "building": "detached",
        "ele": "183",
        "heritage": "2",
        "heritage:operator": "nrhp",
        "name": "Littlefield House",
        "ref": "LFH",
        "ref:nrhp": "70000767",
        "wikidata": "Q6652947",
        "wikipedia": "en:Littlefield House"
      },
      "geometry": {
        "type": "Polygon",
        "coordinates": [
          [
            [-97.7408991, 30.2882546],
            [-97.7409041, 30.288198],
            [-97.7408834, 30.2881966],
            [-97.7408916, 30.2881042],
            [-97.7408601, 30.2881021],
            [-97.74087, 30.2879908],
            [-97.7407811, 30.2879849],
            [-97.7407033, 30.2879798],
            [-97.7406854, 30.2879823],
            [-97.7406723, 30.287988],
            [-97.7406642, 30.2879997],
            [-97.7406615, 30.288011],
            [-97.7406522, 30.2881383],
            [-97.7406733, 30.288156],
            [-97.7407071, 30.2881624],
            [-97.7407058, 30.2881768],
            [-97.7407279, 30.2881783],
            [-97.740726, 30.288199],
            [-97.7407635, 30.2882015],
            [-97.7407596, 30.2882454],
            [-97.7408991, 30.2882546]
          ]
        ]
      },
      "id": "way/126017777"
    },
    {
      "type": "Feature",
      "properties": {
        "@id": "way/126017778",
        "addr:housenumber": "2506",
        "addr:postcode": "78712",
        "addr:street": "Speedway",
        "alt_name": "MBB",
        "building": "university",
        "building:levels": "3",
        "name": "Louise and James Robert Moffett Molecular Biology Building",
        "ref": "MBB",
        "roof:levels": "1"
      },
      "geometry": {
        "type": "Polygon",
        "coordinates": [
          [
            [-97.7373516, 30.2891159],
            [-97.73736, 30.2890185],
            [-97.7373746, 30.2888785],
            [-97.7373826, 30.2887962],
            [-97.7373594, 30.2887945],
            [-97.7374189, 30.2881822],
            [-97.7374473, 30.2881842],
            [-97.7374782, 30.2878653],
            [-97.7374504, 30.2878633],
            [-97.7374539, 30.2878277],
            [-97.7373501, 30.2878202],
            [-97.7373468, 30.2878544],
            [-97.7373362, 30.2878536],
            [-97.7373396, 30.2878185],
            [-97.7372386, 30.2878112],
            [-97.7372352, 30.2878467],
            [-97.7372095, 30.2878448],
            [-97.7371823, 30.2881248],
            [-97.7371492, 30.2881224],
            [-97.7370818, 30.2888167],
            [-97.7371111, 30.2888188],
            [-97.7370842, 30.2890957],
            [-97.7371064, 30.2890973],
            [-97.7371032, 30.2891312],
            [-97.7372062, 30.2891386],
            [-97.7372094, 30.2891062],
            [-97.7372195, 30.2891069],
            [-97.7372163, 30.2891393],
            [-97.7373216, 30.2891469],
            [-97.7373248, 30.289114],
            [-97.7373516, 30.2891159]
          ]
        ]
      },
      "id": "way/126017778"
    },
    {
      "type": "Feature",
      "properties": {
        "@id": "way/126017780",
        "addr:city": "Austin",
        "addr:housenumber": "100",
        "addr:postcode": "78712",
        "addr:state": "TX",
        "addr:street": "East 24th Street",
        "alt_name": "NHB",
        "building": "university",
        "name": "Norman Hackerman Building",
        "ref": "NHB"
      },
      "geometry": {
        "type": "Polygon",
        "coordinates": [
          [
            [-97.7372366, 30.2876964],
            [-97.7377927, 30.2877391],
            [-97.7382247, 30.2877723],
            [-97.7387758, 30.2878145],
            [-97.7388041, 30.2875758],
            [-97.7372629, 30.2874658],
            [-97.7372597, 30.2874939],
            [-97.7372366, 30.2876964]
          ]
        ]
      },
      "id": "way/126017780"
    },
    {
      "type": "Feature",
      "properties": {
        "@id": "way/126017781",
        "addr:city": "Austin",
        "addr:housenumber": "2603",
        "addr:postcode": "78712",
        "addr:street": "Wichita Street",
        "alt_name": "SEA",
        "building": "university",
        "ele": "174",
        "name": "Sarah M. and Charles E. Seay Building",
        "ref": "SEA"
      },
      "geometry": {
        "type": "Polygon",
        "coordinates": [
          [
            [-97.737801, 30.2901981],
            [-97.7378358, 30.2897481],
            [-97.7369221, 30.289685],
            [-97.7368539, 30.2904215],
            [-97.7373244, 30.290454],
            [-97.7373458, 30.2902228],
            [-97.7371429, 30.2902088],
            [-97.7371775, 30.2898353],
            [-97.7375505, 30.2898611],
            [-97.7375215, 30.2901425],
            [-97.7374764, 30.2901386],
            [-97.7374584, 30.2903929],
            [-97.7377578, 30.2904123],
            [-97.7377759, 30.2901964],
            [-97.737801, 30.2901981]
          ]
        ]
      },
      "id": "way/126017781"
    },
    {
      "type": "Feature",
      "properties": {
        "@id": "way/126017782",
        "addr:housenumber": "2504C",
        "addr:postcode": "78705",
        "addr:street": "Whitis Avenue",
        "alt_name": "HSM",
        "building": "university",
        "ele": "183",
        "name": "William Randolph Hearst Building",
        "ref": "HSM"
      },
      "geometry": {
        "type": "Polygon",
        "coordinates": [
          [
            [-97.7409545, 30.2890063],
            [-97.7409691, 30.288846],
            [-97.7405874, 30.28882],
            [-97.7405798, 30.2889035],
            [-97.7405727, 30.2889803],
            [-97.7409074, 30.2890031],
            [-97.7409545, 30.2890063]
          ]
        ]
      },
      "id": "way/126017782"
    },
    {
      "type": "Feature",
      "properties": {
        "@id": "way/126017786",
        "addr:housenumber": "2500",
        "addr:postcode": "78705",
        "addr:street": "Guadalupe Street",
        "alt_name": "WWH",
        "building": "university",
        "building:levels": "4",
        "ele": "182",
        "name": "Walter Webb Hall",
        "ref": "WWH"
      },
      "geometry": {
        "type": "Polygon",
        "coordinates": [
          [
            [-97.7415775, 30.289421],
            [-97.7418206, 30.2894393],
            [-97.7420062, 30.2894542],
            [-97.7420072, 30.2894431],
            [-97.7421162, 30.2894512],
            [-97.7421388, 30.2891999],
            [-97.7416183, 30.2891618],
            [-97.7416186, 30.2891747],
            [-97.7415977, 30.2891736],
            [-97.7415775, 30.289421]
          ]
        ]
      },
      "id": "way/126017786"
    },
    {
      "type": "Feature",
      "properties": {
        "@id": "way/126020358",
        "addr:housenumber": "2701",
        "addr:postcode": "78705",
        "addr:street": "Speedway",
        "alt_name": "ARC",
        "building": "university",
        "building:levels": "6",
        "name": "Animal Resource Center",
        "ref": "ARC"
      },
      "geometry": {
        "type": "Polygon",
        "coordinates": [
          [
            [-97.7363907, 30.2920608],
            [-97.7364079, 30.2918857],
            [-97.7363915, 30.2918845],
            [-97.736429, 30.2915043],
            [-97.7364162, 30.2915034],
            [-97.7364482, 30.2911779],
            [-97.736225, 30.2911615],
            [-97.7361971, 30.2914449],
            [-97.7360754, 30.2914359],
            [-97.7360815, 30.291374],
            [-97.7357817, 30.291352],
            [-97.7357749, 30.2914211],
            [-97.7357447, 30.2914188],
            [-97.7357429, 30.2914364],
            [-97.7357164, 30.2914344],
            [-97.7357086, 30.2914435],
            [-97.7357031, 30.2914531],
            [-97.7357013, 30.2914652],
            [-97.7357026, 30.2914767],
            [-97.7357053, 30.2914867],
            [-97.7357104, 30.2914962],
            [-97.7357364, 30.2914981],
            [-97.7357341, 30.2915211],
            [-97.7357664, 30.2915235],
            [-97.7357604, 30.291585],
            [-97.7360607, 30.2916071],
            [-97.7360749, 30.2914624],
            [-97.7361396, 30.2914672],
            [-97.7361005, 30.2918646],
            [-97.7362267, 30.2918739],
            [-97.7362246, 30.2918954],
            [-97.7362096, 30.2920475],
            [-97.7363907, 30.2920608]
          ]
        ]
      },
      "id": "way/126020358"
    },
    {
      "type": "Feature",
      "properties": {
        "@id": "way/126020360",
        "addr:housenumber": "204",
        "addr:postcode": "78705",
        "addr:street": "East Dean Keeton Street",
        "alt_name": "ETC",
        "building": "university",
        "building:levels": "11",
        "name": "Engineering Teaching Center II",
        "ref": "ETC"
      },
      "geometry": {
        "type": "Polygon",
        "coordinates": [
          [
            [-97.7355524, 30.2902001],
            [-97.7355931, 30.2898318],
            [-97.7356014, 30.2897561],
            [-97.735616, 30.289624],
            [-97.7352844, 30.2895967],
            [-97.7352209, 30.2901729],
            [-97.7355524, 30.2902001]
          ]
        ]
      },
      "id": "way/126020360"
    },
    {
      "type": "Feature",
      "properties": {
        "@id": "way/126020361",
        "addr:housenumber": "2903",
        "addr:postcode": "78705",
        "addr:street": "Speedway",
        "alt_name": "E26",
        "building": "university",
        "building:levels": "1",
        "name": "University Sign Shop",
        "ref": "E26"
      },
      "geometry": {
        "type": "Polygon",
        "coordinates": [
          [
            [-97.7363551, 30.2926321],
            [-97.7363433, 30.2925144],
            [-97.7362331, 30.2925226],
            [-97.7362449, 30.2926403],
            [-97.7363551, 30.2926321]
          ]
        ]
      },
      "id": "way/126020361"
    },
    {
      "type": "Feature",
      "properties": {
        "@id": "way/126027972",
        "addr:city": "Austin",
        "addr:housenumber": "2205",
        "addr:postcode": "78722",
        "addr:state": "TX",
        "addr:street": "Comal Street",
        "building": "university",
        "name": "Comal Child Development Center",
        "ref": "CML"
      },
      "geometry": {
        "type": "Polygon",
        "coordinates": [
          [
            [-97.7255635, 30.2829369],
            [-97.7255318, 30.2827949],
            [-97.7254849, 30.2827747],
            [-97.7253228, 30.2827956],
            [-97.7253078, 30.2827284],
            [-97.7251561, 30.2827563],
            [-97.7251737, 30.2828216],
            [-97.7249274, 30.2828685],
            [-97.7249668, 30.2830426],
            [-97.7251837, 30.2830043],
            [-97.7252126, 30.2831376],
            [-97.7254173, 30.2831033],
            [-97.7253867, 30.2829663],
            [-97.7255635, 30.2829369]
          ]
        ]
      },
      "id": "way/126027972"
    },
    {
      "type": "Feature",
      "properties": {
        "@id": "way/126027974",
        "addr:city": "Austin",
        "addr:housenumber": "2209",
        "addr:postcode": "78722",
        "addr:state": "TX",
        "addr:street": "Comal Street",
        "building": "university",
        "name": "Comal Child Development Center Annex",
        "ref": "CDA"
      },
      "geometry": {
        "type": "Polygon",
        "coordinates": [
          [
            [-97.7256987, 30.2829075],
            [-97.725615, 30.2829214],
            [-97.7256419, 30.283042],
            [-97.7257256, 30.2830281],
            [-97.7256987, 30.2829075]
          ]
        ]
      },
      "id": "way/126027974"
    },
    {
      "type": "Feature",
      "properties": {
        "@id": "way/126027975",
        "addr:city": "Austin",
        "addr:housenumber": "2200",
        "addr:postcode": "78722",
        "addr:state": "TX",
        "addr:street": "Comal Street",
        "alt_name": "CRB",
        "building": "university",
        "name": "Computational Resource Building",
        "ref": "CRB"
      },
      "geometry": {
        "type": "Polygon",
        "coordinates": [
          [
            [-97.7266914, 30.282419],
            [-97.7266127, 30.2820585],
            [-97.7267087, 30.2820428],
            [-97.7266538, 30.2817913],
            [-97.7262636, 30.2818549],
            [-97.726278, 30.2819208],
            [-97.7262536, 30.2819248],
            [-97.7262863, 30.2820744],
            [-97.7263202, 30.2820689],
            [-97.7264069, 30.2824654],
            [-97.7266914, 30.282419]
          ]
        ]
      },
      "id": "way/126027975"
    },
    {
      "type": "Feature",
      "properties": {
        "@id": "way/126027977",
        "addr:housenumber": "2901",
        "addr:postcode": "78722",
        "addr:street": "North Interstate Highway 35 Service Road",
        "alt_name": "DEV",
        "building": "university",
        "name": "Development Center",
        "ref": "DEV"
      },
      "geometry": {
        "type": "Polygon",
        "coordinates": [
          [
            [-97.7235707, 30.2870504],
            [-97.7233678, 30.2873737],
            [-97.7236883, 30.2875236],
            [-97.723804, 30.2873392],
            [-97.7235707, 30.2870504]
          ]
        ]
      },
      "id": "way/126027977"
    },
    {
      "type": "Feature",
      "properties": {
        "@id": "way/126027979",
        "addr:housenumber": "1309",
        "addr:postcode": "78722",
        "addr:street": "East Dean Keeton Street",
        "alt_name": "FC1",
        "building": "university",
        "name": "Facilities Complex Building 1",
        "ref": "FC1"
      },
      "geometry": {
        "type": "Polygon",
        "coordinates": [
          [
            [-97.7227905, 30.284754],
            [-97.7226835, 30.2842794],
            [-97.7223904, 30.2843286],
            [-97.7224974, 30.2848033],
            [-97.7227905, 30.284754]
          ]
        ]
      },
      "id": "way/126027979"
    },
    {
      "type": "Feature",
      "properties": {
        "@id": "way/126027980",
        "addr:city": "Austin",
        "addr:housenumber": "1301",
        "addr:postcode": "78722",
        "addr:state": "TX",
        "addr:street": "East Dean Keeton Street",
        "alt_name": "FC2",
        "building": "university",
        "name": "Facilities Complex Building 2",
        "ref": "FC2"
      },
      "geometry": {
        "type": "Polygon",
        "coordinates": [
          [
            [-97.7238744, 30.2839658],
            [-97.7238046, 30.2836561],
            [-97.7233312, 30.2837357],
            [-97.7233436, 30.2837906],
            [-97.7231756, 30.2838188],
            [-97.7231632, 30.283764],
            [-97.7224926, 30.2838768],
            [-97.7225046, 30.2839304],
            [-97.7223245, 30.2839607],
            [-97.7223497, 30.2840727],
            [-97.7223747, 30.2841834],
            [-97.723769, 30.2839489],
            [-97.7237765, 30.2839823],
            [-97.7238744, 30.2839658]
          ]
        ]
      },
      "id": "way/126027980"
    },
    {
      "type": "Feature",
      "properties": {
        "@id": "way/126027982",
        "addr:housenumber": "1207",
        "addr:postcode": "78722",
        "addr:street": "East Dean Keeton Street",
        "alt_name": "FC3",
        "building": "university",
        "name": "Facilities Complex Building 3",
        "ref": "FC3"
      },
      "geometry": {
        "type": "Polygon",
        "coordinates": [
          [
            [-97.7243488, 30.2848051],
            [-97.7242629, 30.2844242],
            [-97.7239826, 30.2844713],
            [-97.7239941, 30.2845222],
            [-97.7229664, 30.284695],
            [-97.723028, 30.2849683],
            [-97.7234935, 30.28489],
            [-97.7235113, 30.2849692],
            [-97.7240855, 30.2848727],
            [-97.7240804, 30.2848502],
            [-97.7243488, 30.2848051]
          ]
        ]
      },
      "id": "way/126027982"
    },
    {
      "type": "Feature",
      "properties": {
        "@id": "way/126027983",
        "addr:housenumber": "1213",
        "addr:postcode": "78722",
        "addr:street": "East Dean Keeton Street",
        "alt_name": "FC4",
        "building": "university",
        "name": "Facilities Complex Building 4",
        "ref": "FC4"
      },
      "geometry": {
        "type": "Polygon",
        "coordinates": [
          [
            [-97.7238488, 30.2843543],
            [-97.7238008, 30.2841451],
            [-97.7237259, 30.2841579],
            [-97.7237178, 30.2841227],
            [-97.7229732, 30.2842502],
            [-97.7230358, 30.2845229],
            [-97.723783, 30.2843949],
            [-97.7237765, 30.2843667],
            [-97.7238488, 30.2843543]
          ]
        ]
      },
      "id": "way/126027983"
    },
    {
      "type": "Feature",
      "properties": {
        "@id": "way/126027986",
        "addr:city": "Austin",
        "addr:housenumber": "1301",
        "addr:postcode": "78722",
        "addr:state": "TX",
        "addr:street": "East Dean Keeton Street",
        "alt_name": "FC5",
        "building": "university",
        "name": "Facilities Complex Building 5",
        "ref": "FC5"
      },
      "geometry": {
        "type": "Polygon",
        "coordinates": [
          [
            [-97.7248564, 30.2836931],
            [-97.7248126, 30.2834987],
            [-97.7243299, 30.2835798],
            [-97.7243737, 30.2837742],
            [-97.7248564, 30.2836931]
          ]
        ]
      },
      "id": "way/126027986"
    },
    {
      "type": "Feature",
      "properties": {
        "@id": "way/126027987",
        "addr:housenumber": "1500",
        "addr:postcode": "78722",
        "addr:street": "Manor Road",
        "alt_name": "FC6",
        "building": "university",
        "name": "Facilities Complex Building 6",
        "ref": "FC6"
      },
      "geometry": {
        "type": "Polygon",
        "coordinates": [
          [
            [-97.7262717, 30.2834256],
            [-97.7262495, 30.2833271],
            [-97.7260331, 30.2833635],
            [-97.7260182, 30.2832972],
            [-97.7254026, 30.2834007],
            [-97.7254471, 30.2835978],
            [-97.7260647, 30.2834939],
            [-97.7260574, 30.2834616],
            [-97.7262717, 30.2834256]
          ]
        ]
      },
      "id": "way/126027987"
    },
    {
      "type": "Feature",
      "properties": {
        "@id": "way/126027990",
        "addr:housenumber": "1300",
        "addr:postcode": "78722",
        "addr:street": "Manor Road",
        "alt_name": "FC7",
        "building": "university",
        "name": "Facilities Complex Building 7",
        "ref": "FC7"
      },
      "geometry": {
        "type": "Polygon",
        "coordinates": [
          [
            [-97.7265814, 30.2833487],
            [-97.7265654, 30.2832779],
            [-97.7263024, 30.2833222],
            [-97.7263183, 30.2833929],
            [-97.7265814, 30.2833487]
          ]
        ]
      },
      "id": "way/126027990"
    },
    {
      "type": "Feature",
      "properties": {
        "@id": "way/126027991",
        "addr:housenumber": "1201",
        "addr:postcode": "78722",
        "addr:street": "East Dean Keeton Street",
        "alt_name": "FC8",
        "building": "university",
        "name": "Facilities Complex Building 8",
        "ref": "FC8"
      },
      "geometry": {
        "type": "Polygon",
        "coordinates": [
          [
            [-97.7243333, 30.2853051],
            [-97.724106, 30.2851969],
            [-97.7240094, 30.2853483],
            [-97.7239721, 30.2853306],
            [-97.7239964, 30.2852927],
            [-97.7236721, 30.2851384],
            [-97.7236054, 30.2852428],
            [-97.7239286, 30.2853966],
            [-97.7239499, 30.2853633],
            [-97.7239882, 30.2853815],
            [-97.7239155, 30.2854954],
            [-97.723879, 30.285478],
            [-97.7239036, 30.2854396],
            [-97.7235786, 30.2852849],
            [-97.7235125, 30.2853884],
            [-97.7238383, 30.2855434],
            [-97.7238589, 30.285511],
            [-97.7238947, 30.285528],
            [-97.7238715, 30.2855644],
            [-97.7239897, 30.2856206],
            [-97.724006, 30.2855951],
            [-97.7241151, 30.285647],
            [-97.7243333, 30.2853051]
          ]
        ]
      },
      "id": "way/126027991"
    },
    {
      "type": "Feature",
      "properties": {
        "@id": "way/126027994",
        "addr:city": "Austin",
        "addr:housenumber": "2207",
        "addr:postcode": "78722",
        "addr:state": "TX",
        "addr:street": "Comal Street",
        "amenity": "post_depot",
        "building": "university_building",
        "building:levels": "1",
        "name": "Mail Service Building",
        "ref": "MSB"
      },
      "geometry": {
        "type": "Polygon",
        "coordinates": [
          [
            [-97.7258706, 30.2827658],
            [-97.7258502, 30.2826742],
            [-97.725527, 30.282728],
            [-97.7255474, 30.2828196],
            [-97.7258706, 30.2827658]
          ]
        ]
      },
      "id": "way/126027994"
    },
    {
      "type": "Feature",
      "properties": {
        "@id": "way/126027995",
        "addr:city": "Austin",
        "addr:housenumber": "1500",
        "addr:postcode": "78702",
        "addr:state": "TX",
        "addr:street": "East Martin Luther King Jr Boulevard",
        "alt_name": "FPC",
        "building": "office",
        "name": "OFPC Field Staff Office",
        "ref": "FPC"
      },
      "geometry": {
        "type": "Polygon",
        "coordinates": [
          [
            [-97.7250839, 30.2794187],
            [-97.725046, 30.2792505],
            [-97.7249223, 30.2792712],
            [-97.7249602, 30.2794395],
            [-97.7250839, 30.2794187]
          ]
        ]
      },
      "id": "way/126027995"
    },
    {
      "type": "Feature",
      "properties": {
        "@id": "way/126028000",
        "addr:city": "Austin",
        "addr:housenumber": "1701",
        "addr:postcode": "78722",
        "addr:state": "TX",
        "addr:street": "Manor Road",
        "alt_name": "UIL",
        "building": "university",
        "ele": "186",
        "name": "University Interscholastic League",
        "ref": "UIL"
      },
      "geometry": {
        "type": "Polygon",
        "coordinates": [
          [
            [-97.7239505, 30.2833764],
            [-97.7238965, 30.2831521],
            [-97.7234367, 30.2832346],
            [-97.7234632, 30.2833446],
            [-97.7233442, 30.2833659],
            [-97.7233717, 30.2834803],
            [-97.7239505, 30.2833764]
          ]
        ]
      },
      "id": "way/126028000"
    },
    {
      "type": "Feature",
      "properties": {
        "@id": "way/126029360",
        "addr:housenumber": "2001",
        "addr:postcode": "78712",
        "addr:street": "San Jacinto Boulevard",
        "alt_name": "RSC",
        "building": "university",
        "leisure": "sports_centre",
        "name": "Recreational Sports Center",
        "ref": "RSC"
      },
      "geometry": {
        "type": "Polygon",
        "coordinates": [
          [
            [-97.7329843, 30.2814855],
            [-97.7329208, 30.2814711],
            [-97.7329307, 30.2814386],
            [-97.7329543, 30.2813612],
            [-97.7327584, 30.2813166],
            [-97.732741, 30.2813738],
            [-97.7319373, 30.281191],
            [-97.7319224, 30.2812398],
            [-97.7318954, 30.2812336],
            [-97.7317904, 30.2815777],
            [-97.7318216, 30.2815848],
            [-97.7318062, 30.2816354],
            [-97.7328652, 30.2818762],
            [-97.7329843, 30.2814855]
          ]
        ]
      },
      "id": "way/126029360"
    },
    {
      "type": "Feature",
      "properties": {
        "@id": "way/126029361",
        "addr:housenumber": "2011",
        "addr:postcode": "78712",
        "addr:street": "Robert Dedman Drive",
        "alt_name": "MFH",
        "building": "university",
        "building:levels": "3",
        "name": "Richard Mithoff Track and Soccer Fieldhouse",
        "ref": "MFH"
      },
      "geometry": {
        "type": "Polygon",
        "coordinates": [
          [
            [-97.7313371, 30.2821293],
            [-97.7313592, 30.282052],
            [-97.7313165, 30.2820415],
            [-97.731323, 30.2820203],
            [-97.7313479, 30.2820224],
            [-97.7313581, 30.2819145],
            [-97.731173, 30.281901],
            [-97.7311648, 30.2819734],
            [-97.7311005, 30.2819657],
            [-97.7311135, 30.2818943],
            [-97.7309298, 30.2818646],
            [-97.7309182, 30.2819035],
            [-97.7308959, 30.2819781],
            [-97.7308733, 30.2820529],
            [-97.7308625, 30.2820552],
            [-97.7310153, 30.2820924],
            [-97.7310252, 30.2820621],
            [-97.7313371, 30.2821293]
          ]
        ]
      },
      "id": "way/126029361"
    },
    {
      "type": "Feature",
      "properties": {
        "@id": "way/126030906",
        "addr:housenumber": "2109",
        "addr:postcode": "78712",
        "addr:street": "San Jacinto Boulevard",
        "alt_name": "BEL",
        "building": "university",
        "building:levels": "10",
        "name": "L. Theo Bellmont Hall",
        "ref": "BEL",
        "toilets:unisex": "yes"
      },
      "geometry": {
        "type": "Polygon",
        "coordinates": [
          [
            [-97.7335685, 30.2844908],
            [-97.7336182, 30.2845092],
            [-97.7336875, 30.2843454],
            [-97.733704, 30.2843064],
            [-97.733764, 30.2841432],
            [-97.7338024, 30.2839718],
            [-97.7338097, 30.2839189],
            [-97.7338313, 30.2837635],
            [-97.7338401, 30.2835365],
            [-97.7338348, 30.283367],
            [-97.7338135, 30.2831974],
            [-97.7337714, 30.2829835],
            [-97.7336772, 30.2830041],
            [-97.7335698, 30.2830276],
            [-97.7334257, 30.2830592],
            [-97.7333171, 30.283083],
            [-97.7333603, 30.283282],
            [-97.7333742, 30.2834302],
            [-97.73338, 30.2835786],
            [-97.7333661, 30.283726],
            [-97.7333473, 30.2838647],
            [-97.7333146, 30.2840085],
            [-97.7332704, 30.284151],
            [-97.7332181, 30.2842808],
            [-97.733183, 30.2843495],
            [-97.7335685, 30.2844908]
          ]
        ]
      },
      "id": "way/126030906"
    },
    {
      "type": "Feature",
      "properties": {
        "@id": "way/126030910",
        "access": "MNC",
        "addr:housenumber": "2015",
        "addr:postcode": "78712",
        "addr:street": "San Jacinto Boulevard",
        "building": "university",
        "building:levels": "4",
        "ele": "162",
        "layer": "1",
        "leisure": "sports_centre",
        "name": "Moncrief-Neuhaus Athletic Center",
        "ref": "MNC"
      },
      "geometry": {
        "type": "Polygon",
        "coordinates": [
          [
            [-97.7330861, 30.2823172],
            [-97.7329824, 30.2823091],
            [-97.7329758, 30.282358],
            [-97.7324013, 30.2823156],
            [-97.7324066, 30.2822652],
            [-97.7323006, 30.2822552],
            [-97.7322881, 30.2823787],
            [-97.7322823, 30.2824276],
            [-97.7322788, 30.2824576],
            [-97.7322756, 30.2824885],
            [-97.7322642, 30.2825983],
            [-97.7330447, 30.28266],
            [-97.7330861, 30.2823172]
          ]
        ]
      },
      "id": "way/126030910"
    },
    {
      "type": "Feature",
      "properties": {
        "@id": "way/126030913",
        "addr:city": "Austin",
        "addr:housenumber": "405",
        "addr:postcode": "78712",
        "addr:state": "TX",
        "addr:street": "DeLoss Dodds Way",
        "alt_name": "North End Zone;NEZ",
        "building": "university",
        "name": "Red McCombs Red Zone",
        "ref": "RMRZ;NEZ"
      },
      "geometry": {
        "type": "Polygon",
        "coordinates": [
          [
            [-97.7317768, 30.2847485],
            [-97.7317444, 30.2847974],
            [-97.7317061, 30.284795],
            [-97.7316784, 30.284767],
            [-97.7316053, 30.2847617],
            [-97.7315871, 30.2847744],
            [-97.7315675, 30.2847881],
            [-97.7315614, 30.2848528],
            [-97.7315923, 30.2848843],
            [-97.7316668, 30.28489],
            [-97.7316903, 30.2848746],
            [-97.7321078, 30.2849137],
            [-97.7321279, 30.2849382],
            [-97.7322426, 30.2849475],
            [-97.7322677, 30.284925],
            [-97.7323084, 30.2849276],
            [-97.7324158, 30.2849346],
            [-97.7325256, 30.2849418],
            [-97.7325766, 30.2849451],
            [-97.7325938, 30.2849744],
            [-97.7327104, 30.2849834],
            [-97.7327327, 30.2849608],
            [-97.7331413, 30.2849936],
            [-97.7331621, 30.2849953],
            [-97.7331742, 30.285009],
            [-97.7332511, 30.2850138],
            [-97.7332867, 30.2849862],
            [-97.7332937, 30.2849192],
            [-97.733279, 30.2849061],
            [-97.7332611, 30.2848901],
            [-97.7331928, 30.2848863],
            [-97.7331528, 30.2849075],
            [-97.7331155, 30.2849052],
            [-97.7330949, 30.2848503],
            [-97.7329362, 30.2848613],
            [-97.7327957, 30.2848611],
            [-97.7320663, 30.2848027],
            [-97.7319243, 30.28478],
            [-97.7317768, 30.2847485]
          ]
        ]
      },
      "id": "way/126030913"
    },
    {
      "type": "Feature",
      "properties": {
        "@id": "way/126033672",
        "addr:housenumber": "2301",
        "addr:postcode": "78705",
        "addr:street": "San Jacinto Boulevard",
        "alt_name": "ART",
        "amenity": "arts_centre",
        "building": "university",
        "name": "Art Building and Museum",
        "ref": "ART",
        "wheelchair": "limited"
      },
      "geometry": {
        "type": "Polygon",
        "coordinates": [
          [
            [-97.7334184, 30.285666],
            [-97.7332107, 30.2856358],
            [-97.7331867, 30.2857867],
            [-97.7328192, 30.285743],
            [-97.7327171, 30.2863833],
            [-97.7325876, 30.2863679],
            [-97.7325821, 30.2864028],
            [-97.7325199, 30.2863954],
            [-97.7324857, 30.28661],
            [-97.7331158, 30.286685],
            [-97.7331417, 30.2865225],
            [-97.7331926, 30.2865286],
            [-97.7332015, 30.2864727],
            [-97.7331177, 30.2864628],
            [-97.7331273, 30.2864026],
            [-97.7330274, 30.2863907],
            [-97.7330444, 30.286284],
            [-97.7333716, 30.286323],
            [-97.7334007, 30.2861407],
            [-97.7333802, 30.2861382],
            [-97.7334313, 30.2858945],
            [-97.7333781, 30.2858874],
            [-97.7333835, 30.2858607],
            [-97.7334184, 30.285666]
          ]
        ]
      },
      "id": "way/126033672"
    },
    {
      "type": "Feature",
      "properties": {
        "@id": "way/126033673",
        "addr:city": "Austin",
        "addr:housenumber": "707",
        "addr:postcode": "78705",
        "addr:state": "TX",
        "addr:street": "East Dean Keeton Street",
        "alt_name": "CS4",
        "building": "university",
        "building:levels": "2",
        "name": "Chilling Station No. 4",
        "ref": "CS4"
      },
      "geometry": {
        "type": "Polygon",
        "coordinates": [
          [
            [-97.7326722, 30.2888139],
            [-97.7327171, 30.2885966],
            [-97.7322553, 30.2885255],
            [-97.7322105, 30.2887428],
            [-97.7326722, 30.2888139]
          ]
        ]
      },
      "id": "way/126033673"
    },
    {
      "type": "Feature",
      "properties": {
        "@id": "way/126033678",
        "addr:housenumber": "702",
        "addr:postcode": "78705",
        "addr:street": "East Dean Keeton Street",
        "building": "detached",
        "building:levels": "2",
        "ele": "161",
        "name": "J. Frank Dobie House",
        "ref": "FDH",
        "wikidata": "Q14710531"
      },
      "geometry": {
        "type": "Polygon",
        "coordinates": [
          [
            [-97.7326454, 30.2893759],
            [-97.7324658, 30.2893887],
            [-97.732475, 30.2894848],
            [-97.7325429, 30.2894799],
            [-97.732541, 30.2894597],
            [-97.7326526, 30.2894518],
            [-97.7326454, 30.2893759]
          ]
        ]
      },
      "id": "way/126033678"
    },
    {
      "type": "Feature",
      "properties": {
        "@id": "way/126033680",
        "addr:city": "Austin",
        "addr:housenumber": "721",
        "addr:postcode": "78705",
        "addr:state": "TX",
        "addr:street": "East Dean Keeton Street",
        "alt_name": "JON",
        "building": "university",
        "ele": "173",
        "name": "Jesse H. Jones Hall",
        "ref": "JON"
      },
      "geometry": {
        "type": "Polygon",
        "coordinates": [
          [
            [-97.7319959, 30.2882778],
            [-97.7316042, 30.2882342],
            [-97.7315615, 30.28852],
            [-97.7315153, 30.2885149],
            [-97.7315106, 30.2885468],
            [-97.7314746, 30.2887877],
            [-97.7314711, 30.2888114],
            [-97.7314908, 30.2888136],
            [-97.7314759, 30.2889133],
            [-97.7318941, 30.2889598],
            [-97.7319959, 30.2882778]
          ]
        ]
      },
      "id": "way/126033680"
    },
    {
      "type": "Feature",
      "properties": {
        "@id": "way/126033681",
        "addr:city": "Austin",
        "addr:housenumber": "2500",
        "addr:postcode": "78705",
        "addr:state": "TX",
        "addr:street": "Trinity Street",
        "alt_name": "CCJ",
        "building": "university",
        "ele": "174",
        "name": "John B. Connally Center for Justice",
        "ref": "CCJ"
      },
      "geometry": {
        "type": "Polygon",
        "coordinates": [
          [
            [-97.7306361, 30.2881832],
            [-97.7306639, 30.2879974],
            [-97.7306498, 30.2879958],
            [-97.7306571, 30.2879473],
            [-97.7304007, 30.2879187],
            [-97.7303935, 30.2879672],
            [-97.7302767, 30.2879543],
            [-97.730249, 30.2881401],
            [-97.7306361, 30.2881832]
          ]
        ]
      },
      "id": "way/126033681"
    },
    {
      "type": "Feature",
      "properties": {
        "@id": "way/126033682",
        "addr:housenumber": "2400",
        "addr:postcode": "78705",
        "addr:street": "Trinity Street",
        "alt_name": "TMM",
        "building": "university",
        "ele": "172",
        "name": "Texas Memorial Museum",
        "ref": "TMM",
        "tourism": "museum",
        "website": "https://tmm.utexas.edu/",
        "wikidata": "Q3519347"
      },
      "geometry": {
        "type": "Polygon",
        "coordinates": [
          [
            [-97.7324653, 30.2871438],
            [-97.7324995, 30.286835],
            [-97.7323074, 30.2868191],
            [-97.7323063, 30.2868287],
            [-97.7323035, 30.2868545],
            [-97.7322997, 30.2868883],
            [-97.7322501, 30.2868842],
            [-97.7322307, 30.2870598],
            [-97.7322848, 30.2870643],
            [-97.7322777, 30.2871283],
            [-97.7324653, 30.2871438]
          ]
        ]
      },
      "id": "way/126033682"
    },
    {
      "type": "Feature",
      "properties": {
        "@id": "way/126033684",
        "addr:housenumber": "727",
        "addr:postcode": "78705",
        "addr:street": "East Dean Keeton Street",
        "alt_name": "TNH",
        "building": "university",
        "ele": "175",
        "name": "Townes Hall",
        "ref": "TNH"
      },
      "geometry": {
        "type": "Polygon",
        "coordinates": [
          [
            [-97.7315106, 30.2885468],
            [-97.7314302, 30.2885378],
            [-97.7314481, 30.2884179],
            [-97.7313166, 30.2884033],
            [-97.7310651, 30.2883753],
            [-97.7310689, 30.2883496],
            [-97.7306023, 30.2882977],
            [-97.7306129, 30.288226],
            [-97.7302354, 30.288184],
            [-97.7302168, 30.2883086],
            [-97.730111, 30.2882968],
            [-97.7300809, 30.2884983],
            [-97.7301379, 30.2885047],
            [-97.7300989, 30.2887657],
            [-97.7304683, 30.2888068],
            [-97.7304767, 30.288751],
            [-97.730568, 30.2887611],
            [-97.7305803, 30.2886787],
            [-97.7308302, 30.2887065],
            [-97.7308183, 30.2887864],
            [-97.7309189, 30.2887976],
            [-97.7309101, 30.2888566],
            [-97.7312509, 30.2888945],
            [-97.7312702, 30.2887649],
            [-97.7314746, 30.2887877],
            [-97.7315106, 30.2885468]
          ]
        ]
      },
      "id": "way/126033684"
    },
    {
      "type": "Feature",
      "properties": {
        "@id": "way/126134747",
        "addr:housenumber": "207",
        "addr:postcode": "78705",
        "addr:street": "East 21st Street",
        "alt_name": "BHD",
        "building": "dormitory",
        "ele": "163",
        "loc_name": "BRP",
        "name": "Brackenridge Hall Dormitory",
        "ref": "BHD"
      },
      "geometry": {
        "type": "Polygon",
        "coordinates": [
          [
            [-97.7363021, 30.283147],
            [-97.7363144, 30.2830244],
            [-97.7361294, 30.2830105],
            [-97.7361208, 30.2830957],
            [-97.7356412, 30.2830597],
            [-97.7356362, 30.2831085],
            [-97.7356313, 30.2831575],
            [-97.7356303, 30.2831672],
            [-97.7360177, 30.2831963],
            [-97.7360159, 30.283215],
            [-97.7361946, 30.2832284],
            [-97.7362036, 30.2831396],
            [-97.7362463, 30.2831428],
            [-97.7363021, 30.283147]
          ]
        ]
      },
      "id": "way/126134747"
    },
    {
      "type": "Feature",
      "properties": {
        "@id": "way/126134749",
        "addr:city": "Austin",
        "addr:housenumber": "104",
        "addr:postcode": "78705",
        "addr:state": "TX",
        "addr:street": "West Martin Luther King Jr Boulevard",
        "alt_name": "EAS",
        "building": "university",
        "building:levels": "2",
        "name": "Edgar A. Smith Building",
        "ref": "EAS"
      },
      "geometry": {
        "type": "Polygon",
        "coordinates": [
          [
            [-97.738378, 30.2813999],
            [-97.7384274, 30.2808951],
            [-97.7381518, 30.2808284],
            [-97.7381395, 30.2808671],
            [-97.7379889, 30.2813425],
            [-97.7379832, 30.2813606],
            [-97.7380047, 30.2813627],
            [-97.738378, 30.2813999]
          ]
        ]
      },
      "id": "way/126134749"
    },
    {
      "type": "Feature",
      "properties": {
        "@id": "way/126134750",
        "addr:city": "Austin",
        "addr:housenumber": "1912",
        "addr:postcode": "78705",
        "addr:state": "TX",
        "addr:street": "Speedway",
        "alt_name": "SZB",
        "building": "university",
        "building:levels": "4",
        "ele": "184",
        "name": "George I. Sanchez Building",
        "ref": "SZB"
      },
      "geometry": {
        "type": "Polygon",
        "coordinates": [
          [
            [-97.7390623, 30.2811002],
            [-97.7390281, 30.2810976],
            [-97.7389532, 30.2811526],
            [-97.7385242, 30.2811204],
            [-97.7385156, 30.281206],
            [-97.738565, 30.2812528],
            [-97.7385631, 30.2812884],
            [-97.7385412, 30.2812896],
            [-97.7385231, 30.2812951],
            [-97.7385096, 30.2813091],
            [-97.7385057, 30.2813268],
            [-97.7385084, 30.2813433],
            [-97.7385202, 30.2813588],
            [-97.7385356, 30.2813685],
            [-97.7385526, 30.2813727],
            [-97.7386581, 30.2813789],
            [-97.7386501, 30.2814579],
            [-97.7385422, 30.2814497],
            [-97.7385276, 30.281594],
            [-97.738517, 30.2816995],
            [-97.7385393, 30.2817012],
            [-97.7385364, 30.2817296],
            [-97.7384905, 30.2817262],
            [-97.7384769, 30.2818609],
            [-97.7386071, 30.2818707],
            [-97.7386032, 30.2819093],
            [-97.7385992, 30.2819493],
            [-97.7384878, 30.2820228],
            [-97.7384644, 30.2822545],
            [-97.7384917, 30.2822566],
            [-97.7385733, 30.282202],
            [-97.739002, 30.2822343],
            [-97.7390112, 30.282143],
            [-97.7389566, 30.2821014],
            [-97.7389607, 30.2820598],
            [-97.7389803, 30.2820607],
            [-97.7389997, 30.2820528],
            [-97.7390127, 30.2820397],
            [-97.7390178, 30.2820243],
            [-97.7390159, 30.2820052],
            [-97.7390068, 30.28199],
            [-97.7389899, 30.2819811],
            [-97.7389691, 30.281977],
            [-97.7388689, 30.2819695],
            [-97.7388766, 30.2818931],
            [-97.7389979, 30.2819022],
            [-97.7390203, 30.2816799],
            [-97.7389904, 30.2816776],
            [-97.7389926, 30.2816554],
            [-97.739023, 30.2816576],
            [-97.7390403, 30.2814855],
            [-97.7389192, 30.2814763],
            [-97.7389271, 30.2813982],
            [-97.7390314, 30.2814061],
            [-97.7390623, 30.2811002]
          ]
        ]
      },
      "id": "way/126134750"
    },
    {
      "type": "Feature",
      "properties": {
        "@id": "way/126134751",
        "addr:housenumber": "305",
        "addr:postcode": "78705",
        "addr:street": "East 21st Street",
        "alt_name": "PHD",
        "building": "dormitory",
        "ele": "160",
        "loc_name": "BRP",
        "name": "Prather Hall",
        "ref": "PHD"
      },
      "geometry": {
        "type": "Polygon",
        "coordinates": [
          [
            [-97.7349844, 30.2826753],
            [-97.7349925, 30.2825954],
            [-97.7351376, 30.2826064],
            [-97.735142, 30.2826067],
            [-97.7351928, 30.2821034],
            [-97.735059, 30.2820934],
            [-97.7350152, 30.2825288],
            [-97.7348847, 30.282519],
            [-97.7348698, 30.2826667],
            [-97.7349025, 30.2826692],
            [-97.7349844, 30.2826753]
          ]
        ]
      },
      "id": "way/126134751"
    },
    {
      "type": "Feature",
      "properties": {
        "@id": "way/126134752",
        "addr:housenumber": "303",
        "addr:postcode": "78705",
        "addr:street": "East 21st Street",
        "alt_name": "RHD",
        "building": "dormitory",
        "ele": "162",
        "loc_name": "BRP",
        "name": "Roberts Hall",
        "ref": "RHD"
      },
      "geometry": {
        "type": "Polygon",
        "coordinates": [
          [
            [-97.7354903, 30.2831557],
            [-97.7354912, 30.2831465],
            [-97.7354961, 30.2830973],
            [-97.735501, 30.2830488],
            [-97.7351097, 30.2830194],
            [-97.7351119, 30.2829983],
            [-97.7350904, 30.2829967],
            [-97.7349514, 30.2829862],
            [-97.7349637, 30.2828642],
            [-97.7348495, 30.2828556],
            [-97.734831, 30.2830386],
            [-97.7349355, 30.2830464],
            [-97.7349287, 30.2831135],
            [-97.7354903, 30.2831557]
          ]
        ]
      },
      "id": "way/126134752"
    },
    {
      "type": "Feature",
      "properties": {
        "@id": "way/126148593",
        "addr:city": "Austin",
        "addr:housenumber": "302",
        "addr:postcode": "78705",
        "addr:state": "TX",
        "addr:street": "Inner Campus Drive",
        "alt_name": "BTL",
        "building": "university",
        "building:levels": "3",
        "ele": "179",
        "name": "Battle Hall",
        "ref": "BTL",
        "smoking": "no",
        "toilets:unisex": "yes",
        "wikidata": "Q4870050"
      },
      "geometry": {
        "type": "Polygon",
        "coordinates": [
          [
            [-97.7405124, 30.2855501],
            [-97.7405368, 30.2853069],
            [-97.7403813, 30.2852952],
            [-97.7403884, 30.2852252],
            [-97.740187, 30.2852101],
            [-97.7401484, 30.2855956],
            [-97.7403512, 30.2856107],
            [-97.7403584, 30.2855386],
            [-97.7405124, 30.2855501]
          ]
        ]
      },
      "id": "way/126148593"
    },
    {
      "type": "Feature",
      "properties": {
        "@id": "way/126148598",
        "addr:city": "Austin",
        "addr:housenumber": "100",
        "addr:postcode": "78705",
        "addr:state": "TX",
        "addr:street": "West 21st Street",
        "alt_name": "GSB",
        "building": "university",
        "building:levels": "4",
        "name": "Graduate School of Business Building",
        "ref": "GSB"
      },
      "geometry": {
        "type": "Polygon",
        "coordinates": [
          [
            [-97.7381105, 30.2839876],
            [-97.7380505, 30.2845335],
            [-97.7381118, 30.284538],
            [-97.7381035, 30.2846239],
            [-97.7385858, 30.284271],
            [-97.7386206, 30.283912],
            [-97.7386379, 30.2837338],
            [-97.7385318, 30.2838093],
            [-97.7382654, 30.2839988],
            [-97.7381105, 30.2839876]
          ]
        ]
      },
      "id": "way/126148598"
    },
    {
      "type": "Feature",
      "properties": {
        "@id": "way/126149671",
        "addr:housenumber": "201",
        "addr:postcode": "78712",
        "addr:street": "East 24th Street",
        "alt_name": "POB",
        "building": "university",
        "building:levels": "5",
        "loc_name": "POB",
        "name": "O’Donnell Building for Applied Computational Engineering and Sciences",
        "ref": "POB"
      },
      "geometry": {
        "type": "Polygon",
        "coordinates": [
          [
            [-97.7368361, 30.2871267],
            [-97.7368594, 30.2869001],
            [-97.7368845, 30.2866556],
            [-97.7366897, 30.2866407],
            [-97.7366951, 30.2865885],
            [-97.7367019, 30.2865222],
            [-97.7366319, 30.2865168],
            [-97.7365621, 30.2865115],
            [-97.7365561, 30.2865704],
            [-97.7365498, 30.2866317],
            [-97.7362928, 30.286612],
            [-97.7362684, 30.2868494],
            [-97.7362445, 30.2870815],
            [-97.7364621, 30.2870981],
            [-97.7364591, 30.2871274],
            [-97.7365386, 30.2871335],
            [-97.7366138, 30.2871392],
            [-97.7366168, 30.2871098],
            [-97.7368361, 30.2871267]
          ]
        ]
      },
      "id": "way/126149671"
    },
    {
      "type": "Feature",
      "properties": {
        "@id": "way/126149672",
        "addr:housenumber": "2110",
        "addr:postcode": "78712",
        "addr:street": "San Jacinto Boulevard",
        "alt_name": "UTX",
        "building": "university",
        "ele": "157",
        "name": "Etter-Harbin Alumni Center",
        "ref": "UTX"
      },
      "geometry": {
        "type": "Polygon",
        "coordinates": [
          [
            [-97.7348057, 30.284288],
            [-97.7346492, 30.2842763],
            [-97.7346539, 30.2842292],
            [-97.7346466, 30.2842286],
            [-97.7346693, 30.2840025],
            [-97.7345907, 30.2839967],
            [-97.7345958, 30.2839458],
            [-97.7345423, 30.2839418],
            [-97.7345528, 30.2838367],
            [-97.7344109, 30.2838261],
            [-97.7344017, 30.2839178],
            [-97.7343273, 30.2839122],
            [-97.7343193, 30.2839928],
            [-97.7342586, 30.2839882],
            [-97.7342277, 30.2842974],
            [-97.7341674, 30.2842929],
            [-97.7341563, 30.2844036],
            [-97.7342156, 30.2844081],
            [-97.7342106, 30.284458],
            [-97.7342029, 30.2845349],
            [-97.7341877, 30.2845338],
            [-97.734184, 30.2845704],
            [-97.7341557, 30.2845683],
            [-97.7341449, 30.2846761],
            [-97.7341715, 30.2846781],
            [-97.7341689, 30.2847042],
            [-97.7342112, 30.2847074],
            [-97.7342072, 30.2847475],
            [-97.734274, 30.2847525],
            [-97.7342656, 30.284836],
            [-97.7343783, 30.2848444],
            [-97.7343864, 30.284764],
            [-97.7344306, 30.2847673],
            [-97.7344355, 30.2847184],
            [-97.7345026, 30.2847234],
            [-97.7345041, 30.2847088],
            [-97.7345251, 30.2844984],
            [-97.7347826, 30.2845177],
            [-97.7348057, 30.284288]
          ]
        ]
      },
      "id": "way/126149672"
    },
    {
      "type": "Feature",
      "properties": {
        "@id": "way/126149673",
        "addr:housenumber": "300",
        "addr:postcode": "78712",
        "addr:street": "East 23rd Street",
        "alt_name": "WIN",
        "building": "university",
        "ele": "160",
        "name": "F Loren Winship Drama Building",
        "ref": "WIN"
      },
      "geometry": {
        "type": "Polygon",
        "coordinates": [
          [
            [-97.7348954, 30.2861269],
            [-97.7349397, 30.2856848],
            [-97.7345954, 30.2856591],
            [-97.7345984, 30.285629],
            [-97.7345942, 30.2856287],
            [-97.7342417, 30.2856024],
            [-97.734218, 30.2856006],
            [-97.7342155, 30.2856252],
            [-97.7340927, 30.2856161],
            [-97.734035, 30.2861914],
            [-97.7342014, 30.2862038],
            [-97.7342095, 30.2861233],
            [-97.7342142, 30.286076],
            [-97.7348954, 30.2861269]
          ]
        ]
      },
      "id": "way/126149673"
    },
    {
      "type": "Feature",
      "properties": {
        "@id": "way/126149674",
        "addr:housenumber": "301",
        "addr:postcode": "78712",
        "addr:street": "East 24th Street",
        "alt_name": "PPL",
        "building": "university",
        "building:levels": "6",
        "name": "Hal C. Weaver Power Plant",
        "power": "generator",
        "ref": "PPL"
      },
      "geometry": {
        "type": "Polygon",
        "coordinates": [
          [
            [-97.7352867, 30.2869688],
            [-97.7353333, 30.2865028],
            [-97.7354223, 30.2865095],
            [-97.7354376, 30.2863567],
            [-97.7355154, 30.2863626],
            [-97.7355307, 30.28621],
            [-97.7353038, 30.2861931],
            [-97.7353138, 30.2860931],
            [-97.7350814, 30.2860758],
            [-97.7349934, 30.2869546],
            [-97.7350629, 30.2869598],
            [-97.7350577, 30.2870118],
            [-97.7351504, 30.2870187],
            [-97.7351564, 30.286959],
            [-97.7352867, 30.2869688]
          ]
        ]
      },
      "id": "way/126149674"
    },
    {
      "type": "Feature",
      "properties": {
        "@id": "way/126149675",
        "addr:housenumber": "325",
        "addr:postcode": "78712",
        "addr:street": "East 24th Street",
        "alt_name": "PPA",
        "building": "university",
        "building:levels": "1",
        "name": "Hal C. Weaver Power Plant Annex",
        "power": "generator",
        "ref": "PPA"
      },
      "geometry": {
        "type": "Polygon",
        "coordinates": [
          [
            [-97.7345979, 30.2869656],
            [-97.7346129, 30.2868164],
            [-97.7342065, 30.286786],
            [-97.7341916, 30.2869352],
            [-97.7345979, 30.2869656]
          ]
        ]
      },
      "id": "way/126149675"
    },
    {
      "type": "Feature",
      "properties": {
        "@id": "way/126149676",
        "addr:housenumber": "215",
        "addr:postcode": "78712",
        "addr:street": "East 24th Street",
        "alt_name": "PPE",
        "building": "university",
        "building:levels": "5",
        "name": "Hal C. Weaver Power Plant Expansion",
        "power": "generator",
        "ref": "PPE"
      },
      "geometry": {
        "type": "Polygon",
        "coordinates": [
          [
            [-97.7361751, 30.2871364],
            [-97.7361794, 30.2870921],
            [-97.7361843, 30.2870421],
            [-97.7361581, 30.2870401],
            [-97.7361951, 30.2866621],
            [-97.7356228, 30.2866203],
            [-97.7355859, 30.2869968],
            [-97.7355497, 30.2869941],
            [-97.7355403, 30.28709],
            [-97.7361751, 30.2871364]
          ]
        ]
      },
      "id": "way/126149676"
    },
    {
      "type": "Feature",
      "properties": {
        "@id": "way/126149677",
        "addr:housenumber": "2305",
        "addr:postcode": "78712",
        "addr:street": "Speedway",
        "alt_name": "JGB",
        "building": "university",
        "building:levels": "7",
        "name": "Jackson Geological Sciences Building",
        "ref": "JGB"
      },
      "geometry": {
        "type": "Polygon",
        "coordinates": [
          [
            [-97.7360345, 30.2859448],
            [-97.7360358, 30.2859323],
            [-97.7360679, 30.2856107],
            [-97.7359535, 30.2856022],
            [-97.7358276, 30.2855928],
            [-97.7358253, 30.2856163],
            [-97.7356148, 30.2856005],
            [-97.7356032, 30.2857165],
            [-97.7351528, 30.2856828],
            [-97.7351345, 30.2858649],
            [-97.7355612, 30.2858968],
            [-97.7355388, 30.2861201],
            [-97.7356072, 30.2861252],
            [-97.7356051, 30.2861462],
            [-97.7356759, 30.2861514],
            [-97.7356778, 30.286132],
            [-97.7357523, 30.2861375],
            [-97.7357576, 30.2860842],
            [-97.735788, 30.2860865],
            [-97.7359931, 30.2861018],
            [-97.736009, 30.2859429],
            [-97.7360345, 30.2859448]
          ]
        ]
      },
      "id": "way/126149677"
    },
    {
      "type": "Feature",
      "properties": {
        "@id": "way/126149678",
        "addr:housenumber": "303",
        "addr:postcode": "78705",
        "addr:street": "East 24th Street",
        "alt_name": "LTH",
        "building": "university",
        "name": "Laboratory Theatre Building",
        "ref": "LTH"
      },
      "geometry": {
        "type": "Polygon",
        "coordinates": [
          [
            [-97.7350802, 30.2860036],
            [-97.7353579, 30.2860244],
            [-97.7353704, 30.2858996],
            [-97.7350927, 30.2858788],
            [-97.7350802, 30.2860036]
          ]
        ]
      },
      "id": "way/126149678"
    },
    {
      "type": "Feature",
      "properties": {
        "@id": "way/126149679",
        "addr:housenumber": "214",
        "addr:postcode": "78712",
        "addr:street": "East 21st Street",
        "alt_name": "MHD",
        "building": "dormitory",
        "ele": "164",
        "name": "Moore-Hill Dormitory",
        "ref": "MHD"
      },
      "geometry": {
        "type": "Polygon",
        "coordinates": [
          [
            [-97.7359645, 30.2836208],
            [-97.7359713, 30.283552],
            [-97.7359646, 30.2835515],
            [-97.7359723, 30.2834748],
            [-97.7359052, 30.2834698],
            [-97.7359062, 30.2834597],
            [-97.7356964, 30.283444],
            [-97.7356955, 30.2834534],
            [-97.7350191, 30.2834028],
            [-97.7350182, 30.2834115],
            [-97.7348964, 30.2834024],
            [-97.734875, 30.2836161],
            [-97.7350045, 30.2836258],
            [-97.7350146, 30.2835251],
            [-97.7353296, 30.2835486],
            [-97.7353014, 30.2838308],
            [-97.7352978, 30.2838305],
            [-97.7352956, 30.2838525],
            [-97.7350195, 30.2838318],
            [-97.7350091, 30.283936],
            [-97.7354325, 30.2839676],
            [-97.7354452, 30.2838406],
            [-97.7354319, 30.2838396],
            [-97.7354541, 30.2836182],
            [-97.7354598, 30.2835611],
            [-97.7355788, 30.28357],
            [-97.7355823, 30.2835345],
            [-97.7356874, 30.2835424],
            [-97.7356819, 30.283597],
            [-97.7356816, 30.2835997],
            [-97.7359645, 30.2836208]
          ]
        ]
      },
      "id": "way/126149679"
    },
    {
      "type": "Feature",
      "properties": {
        "@id": "way/126149680",
        "addr:housenumber": "2201",
        "addr:postcode": "78712",
        "addr:street": "Speedway",
        "alt_name": "WCP",
        "building": "university",
        "building:levels": "7",
        "name": "William C. Powers, Jr. Student Activity Center",
        "ref": "WCP"
      },
      "geometry": {
        "type": "Polygon",
        "coordinates": [
          [
            [-97.7370496, 30.2850039],
            [-97.7370705, 30.2847955],
            [-97.7365047, 30.2847532],
            [-97.7363251, 30.2846825],
            [-97.7362993, 30.284731],
            [-97.7362331, 30.2847252],
            [-97.7362512, 30.2845512],
            [-97.735876, 30.2845251],
            [-97.7358691, 30.2846432],
            [-97.7358376, 30.2852583],
            [-97.7361008, 30.285278],
            [-97.7361056, 30.2852302],
            [-97.7361703, 30.285235],
            [-97.7363097, 30.2848571],
            [-97.7364816, 30.2848699],
            [-97.7364725, 30.2849608],
            [-97.7370496, 30.2850039]
          ]
        ]
      },
      "id": "way/126149680"
    },
    {
      "type": "Feature",
      "properties": {
        "@id": "way/126569514",
        "addr:housenumber": "217",
        "addr:postcode": "78712",
        "addr:street": "East 24th Street",
        "alt_name": "CS6",
        "building": "university",
        "building:levels": "5",
        "name": "Chilling Station No. 6",
        "ref": "CS6"
      },
      "geometry": {
        "type": "Polygon",
        "coordinates": [
          [
            [-97.7359123, 30.2862213],
            [-97.7356621, 30.2862006],
            [-97.7356206, 30.286608],
            [-97.7358675, 30.2866264],
            [-97.7359327, 30.2866329],
            [-97.7359488, 30.2864743],
            [-97.7358878, 30.2864685],
            [-97.7359123, 30.2862213]
          ]
        ]
      },
      "id": "way/126569514"
    },
    {
      "type": "Feature",
      "properties": {
        "@id": "way/126569520",
        "addr:city": "Austin",
        "addr:housenumber": "300",
        "addr:postcode": "78712",
        "addr:state": "TX",
        "addr:street": "West Dean Keeton Street",
        "alt_name": "DMC",
        "building": "university",
        "building:levels": "8",
        "name": "Dealey Center for New Media",
        "ref": "BMC"
      },
      "geometry": {
        "type": "Polygon",
        "coordinates": [
          [
            [-97.7411275, 30.290397],
            [-97.7411638, 30.2899591],
            [-97.7409248, 30.2899444],
            [-97.7409107, 30.2901136],
            [-97.7408882, 30.2901122],
            [-97.7408629, 30.2901106],
            [-97.7404677, 30.2900862],
            [-97.740461, 30.2901667],
            [-97.7403802, 30.2901617],
            [-97.7403646, 30.2903499],
            [-97.7411275, 30.290397]
          ]
        ]
      },
      "id": "way/126569520"
    },
    {
      "type": "Feature",
      "properties": {
        "@id": "way/126569521",
        "addr:city": "Austin",
        "addr:housenumber": "2317",
        "addr:postcode": "78705",
        "addr:street": "Speedway",
        "alt_name": "GDC",
        "building": "university",
        "building:levels": "6",
        "height": "26",
        "name": "Bill and Melinda Gates Computer Science Complex",
        "ref": "GDC",
        "short_name": "GDC",
        "website": "https://utdirect.utexas.edu/apps/campus/buildings/information/nlogon/maps/utm/gdc/",
        "wikidata": "Q63860110",
        "wikipedia": "en:Gates-Dell Complex"
      },
      "geometry": {
        "type": "Polygon",
        "coordinates": [
          [
            [-97.7368777, 30.2865355],
            [-97.7369023, 30.2863242],
            [-97.7366769, 30.2863057],
            [-97.7366828, 30.2862556],
            [-97.7366902, 30.2861924],
            [-97.7369156, 30.2862102],
            [-97.7369373, 30.2860051],
            [-97.7368425, 30.2859976],
            [-97.7366457, 30.2859821],
            [-97.7363188, 30.2859563],
            [-97.7362963, 30.2861678],
            [-97.7364788, 30.2861822],
            [-97.7364767, 30.2862017],
            [-97.7364723, 30.286247],
            [-97.7364694, 30.286285],
            [-97.7362281, 30.2862664],
            [-97.7359771, 30.2862471],
            [-97.735955, 30.2864667],
            [-97.736306, 30.2864926],
            [-97.7365621, 30.2865115],
            [-97.7366319, 30.2865168],
            [-97.7367019, 30.2865222],
            [-97.7367912, 30.286529],
            [-97.7368777, 30.2865355]
          ]
        ]
      },
      "id": "way/126569521"
    },
    {
      "type": "Feature",
      "properties": {
        "@id": "way/129347230",
        "addr:housenumber": "205",
        "addr:postcode": "78705",
        "addr:street": "East 21st Street",
        "alt_name": "LDH",
        "amenity": "fast_food",
        "building": "yes",
        "building:levels": "4",
        "fast_food": "cafeteria",
        "name": "Longhorn Dining Facility",
        "ref": "LDH"
      },
      "geometry": {
        "type": "Polygon",
        "coordinates": [
          [
            [-97.7362447, 30.2825563],
            [-97.7359651, 30.2825353],
            [-97.7357401, 30.2825184],
            [-97.7356715, 30.2825133],
            [-97.7356588, 30.2826398],
            [-97.7356909, 30.2826422],
            [-97.7359321, 30.2826603],
            [-97.7359253, 30.2827282],
            [-97.7362758, 30.2827546],
            [-97.7362856, 30.2826567],
            [-97.7362349, 30.2826529],
            [-97.7362447, 30.2825563]
          ]
        ]
      },
      "id": "way/129347230"
    },
    {
      "type": "Feature",
      "properties": {
        "@id": "way/129435969",
        "addr:housenumber": "124",
        "addr:postcode": "78705",
        "addr:street": "Inner Campus Drive",
        "alt_name": "COM",
        "building": "university",
        "building:levels": "1",
        "name": "Computation Center",
        "ref": "COM"
      },
      "geometry": {
        "type": "Polygon",
        "coordinates": [
          [
            [-97.7383627, 30.285869],
            [-97.7386486, 30.2858912],
            [-97.7386991, 30.2854048],
            [-97.7384128, 30.2853826],
            [-97.7383973, 30.2855324],
            [-97.738472, 30.2855381],
            [-97.738453, 30.2857278],
            [-97.7383779, 30.2857222],
            [-97.7383762, 30.2857395],
            [-97.7383627, 30.285869]
          ]
        ]
      },
      "id": "way/129435969"
    },
    {
      "type": "Feature",
      "properties": {
        "@id": "way/130096286",
        "addr:housenumber": "2401",
        "addr:postcode": "78705",
        "addr:state": "TX",
        "addr:street": "Whitis Avenue",
        "alt_name": "AND",
        "building": "dormitory",
        "ele": "183",
        "loc_name": "Honors Quad",
        "name": "Andrews Dormitory",
        "ref": "AND"
      },
      "geometry": {
        "type": "Polygon",
        "coordinates": [
          [
            [-97.7396873, 30.2882297],
            [-97.7400718, 30.2882561],
            [-97.7400588, 30.2883963],
            [-97.7400893, 30.2883984],
            [-97.7401026, 30.2882582],
            [-97.7401374, 30.2882606],
            [-97.7401553, 30.2880669],
            [-97.7400471, 30.2880594],
            [-97.7400411, 30.2881243],
            [-97.7395602, 30.2880913],
            [-97.7395588, 30.2881068],
            [-97.7395483, 30.2882201],
            [-97.7396873, 30.2882297]
          ]
        ]
      },
      "id": "way/130096286"
    },
    {
      "type": "Feature",
      "properties": {
        "@id": "way/130307825",
        "addr:housenumber": "307",
        "addr:postcode": "78712",
        "addr:street": "East 24th Street",
        "alt_name": "CT1",
        "building": "yes",
        "building:levels": "2",
        "name": "Cooling Tower 1",
        "ref": "CT1"
      },
      "geometry": {
        "type": "Polygon",
        "coordinates": [
          [
            [-97.7348015, 30.2868623],
            [-97.7348517, 30.2863624],
            [-97.7347192, 30.2863525],
            [-97.7346689, 30.2868524],
            [-97.7348015, 30.2868623]
          ]
        ]
      },
      "id": "way/130307825"
    },
    {
      "type": "Feature",
      "properties": {
        "@id": "way/150732420",
        "addr:city": "Austin",
        "addr:housenumber": "204",
        "addr:postcode": "78705",
        "addr:state": "TX",
        "addr:street": "West 21st Street",
        "alt_name": "CAL",
        "building": "university",
        "ele": "176",
        "loc_name": "Six Pack",
        "name": "Calhoun Hall",
        "ref": "CAL",
        "wikidata": "Q14710373"
      },
      "geometry": {
        "type": "Polygon",
        "coordinates": [
          [
            [-97.7403906, 30.284421],
            [-97.7404171, 30.2841666],
            [-97.7402245, 30.2841516],
            [-97.7401925, 30.28415],
            [-97.7401687, 30.2844014],
            [-97.7399079, 30.284383],
            [-97.7398921, 30.2845493],
            [-97.7400137, 30.2845579],
            [-97.7401919, 30.2845705],
            [-97.7401686, 30.2848171],
            [-97.7401941, 30.2848185],
            [-97.74034, 30.2848293],
            [-97.7403507, 30.2847164],
            [-97.7403643, 30.2845839],
            [-97.7404508, 30.2845909],
            [-97.7404661, 30.2844287],
            [-97.7403906, 30.284421]
          ]
        ]
      },
      "id": "way/150732420"
    },
    {
      "type": "Feature",
      "properties": {
        "@id": "way/150732421",
        "addr:city": "Austin",
        "addr:housenumber": "154",
        "addr:postcode": "78705",
        "addr:state": "TX",
        "addr:street": "West 21st Street",
        "alt_name": "MEZ",
        "building": "university",
        "ele": "174",
        "height": "20",
        "loc_name": "Six Pack",
        "name": "Mezes Hall",
        "ref": "MEZ",
        "roof:colour": "#784949",
        "roof:height": "4",
        "roof:shape": "hipped"
      },
      "geometry": {
        "type": "Polygon",
        "coordinates": [
          [
            [-97.7387378, 30.2842788],
            [-97.7387256, 30.2842779],
            [-97.7387168, 30.2843682],
            [-97.7387086, 30.2844529],
            [-97.7387211, 30.2844538],
            [-97.7387023, 30.2846475],
            [-97.7386971, 30.2847006],
            [-97.7389121, 30.2847155],
            [-97.738936, 30.2844693],
            [-97.7392025, 30.2844886],
            [-97.7392195, 30.2843136],
            [-97.7389138, 30.2842915],
            [-97.7389378, 30.2840444],
            [-97.7387618, 30.284032],
            [-97.7387378, 30.2842788]
          ]
        ]
      },
      "id": "way/150732421"
    },
    {
      "type": "Feature",
      "properties": {
        "@id": "way/150732422",
        "addr:housenumber": "208",
        "addr:postcode": "78705",
        "addr:state": "TX",
        "addr:street": "West 21st Street",
        "alt_name": "PAR",
        "building": "university",
        "ele": "177",
        "height": "20",
        "loc_name": "Six Pack",
        "name": "Parlin Hall",
        "ref": "PAR",
        "roof:colour": "#784949",
        "roof:height": "4",
        "roof:shape": "skillion"
      },
      "geometry": {
        "type": "Polygon",
        "coordinates": [
          [
            [-97.7398452, 30.2849735],
            [-97.7403485, 30.2850101],
            [-97.740366, 30.2848311],
            [-97.74034, 30.2848293],
            [-97.7401941, 30.2848185],
            [-97.7401686, 30.2848171],
            [-97.7398627, 30.2847949],
            [-97.7398544, 30.2848797],
            [-97.7398452, 30.2849735]
          ]
        ]
      },
      "id": "way/150732422"
    },
    {
      "type": "Feature",
      "properties": {
        "@id": "way/150732423",
        "addr:city": "Austin",
        "addr:housenumber": "158",
        "addr:postcode": "78705",
        "addr:state": "TX",
        "addr:street": "West 21st Street",
        "alt_name": "BAT",
        "building": "university",
        "ele": "178",
        "height": "20",
        "loc_name": "Six Pack",
        "name": "Batts Hall",
        "ref": "BAT",
        "roof:colour": "#784949",
        "roof:height": "4",
        "roof:shape": "hipped",
        "wikidata": "Q4873282"
      },
      "geometry": {
        "type": "Polygon",
        "coordinates": [
          [
            [-97.7386971, 30.2847006],
            [-97.7386817, 30.2846995],
            [-97.7386647, 30.2848748],
            [-97.7391606, 30.2849107],
            [-97.7391777, 30.2847347],
            [-97.7389121, 30.2847155],
            [-97.7386971, 30.2847006]
          ]
        ]
      },
      "id": "way/150732423"
    },
    {
      "type": "Feature",
      "properties": {
        "@id": "way/150732424",
        "addr:city": "Austin",
        "addr:housenumber": "150",
        "addr:postcode": "78705",
        "addr:state": "TX",
        "addr:street": "West 21st Street",
        "alt_name": "BEN",
        "building": "university",
        "ele": "172",
        "height": "20",
        "loc_name": "Six Pack",
        "name": "Benedict Hall",
        "ref": "BEN",
        "roof:colour": "#784949",
        "roof:height": "4",
        "roof:shape": "hipped",
        "wikidata": "Q4887273"
      },
      "geometry": {
        "type": "Polygon",
        "coordinates": [
          [
            [-97.7392445, 30.2840666],
            [-97.7392617, 30.2838897],
            [-97.7391343, 30.2838805],
            [-97.7390156, 30.2838719],
            [-97.7387692, 30.283854],
            [-97.738752, 30.2840313],
            [-97.7387618, 30.284032],
            [-97.7389378, 30.2840444],
            [-97.7392445, 30.2840666]
          ]
        ]
      },
      "id": "way/150732424"
    },
    {
      "type": "Feature",
      "properties": {
        "@id": "way/150732425",
        "addr:city": "Austin",
        "addr:housenumber": "200",
        "addr:postcode": "78705",
        "addr:state": "TX",
        "addr:street": "West 21st Street",
        "alt_name": "HRH",
        "building": "university",
        "ele": "174",
        "height": "16",
        "loc_name": "Six Pack",
        "name": "Homer Rainey Hall",
        "ref": "HRH",
        "roof:colour": "#784949",
        "roof:height": "4",
        "roof:shape": "hipped"
      },
      "geometry": {
        "type": "Polygon",
        "coordinates": [
          [
            [-97.7404533, 30.2839976],
            [-97.7399513, 30.2839591],
            [-97.7399337, 30.2841301],
            [-97.7400631, 30.2841401],
            [-97.7401925, 30.28415],
            [-97.7402245, 30.2841516],
            [-97.7404171, 30.2841666],
            [-97.7404358, 30.2841678],
            [-97.7404533, 30.2839976]
          ]
        ]
      },
      "id": "way/150732425"
    },
    {
      "type": "Feature",
      "properties": {
        "@id": "way/172047169",
        "addr:housenumber": "2506",
        "addr:postcode": "78712",
        "addr:street": "Speedway",
        "alt_name": "NMS",
        "building": "university",
        "name": "Neural Molecular Science Building",
        "ref": "NMS"
      },
      "geometry": {
        "type": "Polygon",
        "coordinates": [
          [
            [-97.7381059, 30.2893652],
            [-97.7381068, 30.2893559],
            [-97.7381198, 30.2891976],
            [-97.7380914, 30.2891946],
            [-97.7380964, 30.2891521],
            [-97.7381029, 30.2890962],
            [-97.7379053, 30.289082],
            [-97.737907, 30.2890551],
            [-97.7378148, 30.2890491],
            [-97.7374406, 30.2890252],
            [-97.7373774, 30.2890197],
            [-97.73736, 30.2890185],
            [-97.7373516, 30.2891159],
            [-97.7373465, 30.2891602],
            [-97.7369978, 30.2891389],
            [-97.7369895, 30.2892864],
            [-97.737329, 30.2893097],
            [-97.7373254, 30.2893414],
            [-97.7378811, 30.2893835],
            [-97.7378838, 30.2893486],
            [-97.7381059, 30.2893652]
          ]
        ]
      },
      "id": "way/172047169"
    },
    {
      "type": "Feature",
      "properties": {
        "@id": "way/172047174",
        "addr:housenumber": "107",
        "addr:postcode": "78712",
        "addr:street": "West Dean Keeton Street",
        "alt_name": "BME",
        "building": "university",
        "layer": "1",
        "name": "Biomedical Engineering Building",
        "ref": "BME",
        "toilets:unisex": "yes"
      },
      "geometry": {
        "type": "Polygon",
        "coordinates": [
          [
            [-97.7388964, 30.2891019],
            [-97.7389213, 30.2888296],
            [-97.7386568, 30.2888121],
            [-97.7386438, 30.2889523],
            [-97.7386343, 30.2890569],
            [-97.7386246, 30.2891644],
            [-97.7381569, 30.289132],
            [-97.7381545, 30.2891578],
            [-97.7381378, 30.2891562],
            [-97.7380964, 30.2891521],
            [-97.7380914, 30.2891946],
            [-97.7381198, 30.2891976],
            [-97.7381068, 30.2893559],
            [-97.7381261, 30.2893575],
            [-97.7381362, 30.2893584],
            [-97.7381346, 30.2893761],
            [-97.7388667, 30.289426],
            [-97.7388964, 30.2891019]
          ]
        ]
      },
      "id": "way/172047174"
    },
    {
      "type": "Feature",
      "properties": {
        "@id": "way/172047175",
        "addr:city": "Austin",
        "addr:housenumber": "300",
        "addr:postcode": "78705",
        "addr:state": "TX",
        "addr:street": "West 21st Street",
        "alt_name": "HRC",
        "building": "university",
        "building:levels": "3",
        "height": "32",
        "name": "Harry Ransom Center",
        "ref": "HRC",
        "source": "City of Austin",
        "tourism": "museum",
        "wikidata": "Q5671855",
        "wikipedia": "en:Harry Ransom Center"
      },
      "geometry": {
        "type": "Polygon",
        "coordinates": [
          [
            [-97.7415026, 30.2846426],
            [-97.7415588, 30.2840717],
            [-97.7409559, 30.2840274],
            [-97.7409309, 30.2842813],
            [-97.7409047, 30.2845475],
            [-97.7408997, 30.2845983],
            [-97.7409305, 30.2846006],
            [-97.7415026, 30.2846426]
          ]
        ]
      },
      "id": "way/172047175"
    },
    {
      "type": "Feature",
      "properties": {
        "@id": "way/172047490",
        "addr:city": "Austin",
        "addr:housenumber": "105",
        "addr:postcode": "78705",
        "addr:state": "TX",
        "addr:street": "East 21st Street",
        "building": "university",
        "building:levels": "3",
        "name": "University Teaching Center",
        "ref": "UTC",
        "roof:shape": "flat",
        "wikidata": "Q7894955"
      },
      "geometry": {
        "type": "Polygon",
        "coordinates": [
          [
            [-97.7387884, 30.2825984],
            [-97.7387606, 30.2826192],
            [-97.7387508, 30.2827161],
            [-97.7386752, 30.2827104],
            [-97.7386467, 30.2829863],
            [-97.7386385, 30.2830745],
            [-97.7386218, 30.2830732],
            [-97.7386149, 30.2831416],
            [-97.7385131, 30.2832652],
            [-97.7385098, 30.2833808],
            [-97.7385063, 30.2834219],
            [-97.7385501, 30.2834252],
            [-97.7389791, 30.2834574],
            [-97.7390492, 30.2827615],
            [-97.7389372, 30.2827531],
            [-97.7387884, 30.2825984]
          ]
        ]
      },
      "id": "way/172047490"
    },
    {
      "type": "Feature",
      "properties": {
        "@id": "way/172204434",
        "addr:housenumber": "510",
        "addr:postcode": "78712",
        "addr:state": "TX",
        "addr:street": "East 23rd Street",
        "alt_name": "PAC",
        "amenity": "theatre",
        "building": "university",
        "name": "College of Fine Arts Performing Arts Center",
        "ref": "PAC",
        "wheelchair": "yes"
      },
      "geometry": {
        "type": "Polygon",
        "coordinates": [
          [
            [-97.731574, 30.2865698],
            [-97.7315232, 30.2865661],
            [-97.7314687, 30.2865621],
            [-97.7315289, 30.2859554],
            [-97.73153, 30.2859425],
            [-97.7315421, 30.2858194],
            [-97.731543, 30.2858106],
            [-97.7314921, 30.285807],
            [-97.7314939, 30.2857884],
            [-97.7310814, 30.2857584],
            [-97.7310791, 30.2857817],
            [-97.7310289, 30.2857781],
            [-97.7310153, 30.2859181],
            [-97.7309583, 30.2865175],
            [-97.73051, 30.2864845],
            [-97.7304825, 30.2867633],
            [-97.7308813, 30.2867926],
            [-97.7309905, 30.2868007],
            [-97.7314388, 30.2868337],
            [-97.7314495, 30.2867263],
            [-97.7315578, 30.2867343],
            [-97.731574, 30.2865698]
          ]
        ]
      },
      "id": "way/172204434"
    },
    {
      "type": "Feature",
      "properties": {
        "@id": "way/172662518",
        "addr:city": "Austin",
        "addr:housenumber": "2300",
        "addr:postcode": "78713",
        "addr:state": "TX",
        "addr:street": "Red River Street",
        "alt_name": "SRH",
        "building": "university",
        "ele": "180",
        "name": "Sid Richardson Hall",
        "ref": "SRH"
      },
      "geometry": {
        "type": "Polygon",
        "coordinates": [
          [
            [-97.7286862, 30.2861194],
            [-97.7289293, 30.2853274],
            [-97.7289359, 30.2853057],
            [-97.7291102, 30.2847377],
            [-97.7290521, 30.2847244],
            [-97.7290985, 30.2845734],
            [-97.7291414, 30.2845832],
            [-97.7292137, 30.2843472],
            [-97.729254, 30.2842158],
            [-97.7293864, 30.2837836],
            [-97.729105, 30.2837193],
            [-97.728859, 30.284522],
            [-97.7289234, 30.2845367],
            [-97.7288791, 30.2846813],
            [-97.7288137, 30.2846663],
            [-97.7283426, 30.2862017],
            [-97.7286401, 30.2862698],
            [-97.7286862, 30.2861194]
          ]
        ]
      },
      "id": "way/172662518"
    },
    {
      "type": "Feature",
      "properties": {
        "@id": "way/172662523",
        "addr:housenumber": "2313",
        "addr:postcode": "78712",
        "addr:street": "Red River Street",
        "alt_name": "LBJ",
        "amenity": "library",
        "building": "yes",
        "building:levels": "10",
        "name": "Lyndon Baines Johnson Presidential Library and Museum",
        "name:en": "Lyndon Baines Johnson Library and Museum",
        "operator": "National Archives and Records Administration",
        "operator:wikidata": "Q518155",
        "ref": "LBJ",
        "tourism": "museum",
        "wikidata": "Q1853779",
        "wikimedia_commons": "File:LBJ Library March 2024 27.jpg"
      },
      "geometry": {
        "type": "Polygon",
        "coordinates": [
          [
            [-97.7291812, 30.2855948],
            [-97.7290246, 30.2861125],
            [-97.7293892, 30.2861947],
            [-97.7295457, 30.2856771],
            [-97.7291812, 30.2855948]
          ]
        ]
      },
      "id": "way/172662523"
    },
    {
      "type": "Feature",
      "properties": {
        "@id": "way/172665673",
        "addr:housenumber": "1900",
        "addr:postcode": "78712",
        "addr:state": "TX",
        "addr:street": "Red River Street",
        "alt_name": "TSC",
        "building": "yes",
        "ele": "159",
        "leisure": "swimming_pool",
        "name": "Lee and Joe Jamail Texas Swimming Center",
        "ref": "TSC",
        "sport": "swimming",
        "wikidata": "Q6515681"
      },
      "geometry": {
        "type": "Polygon",
        "coordinates": [
          [
            [-97.733187, 30.2800998],
            [-97.7335328, 30.2801944],
            [-97.7335644, 30.2801066],
            [-97.7338523, 30.2801887],
            [-97.7339239, 30.2799956],
            [-97.7339912, 30.2798097],
            [-97.7337042, 30.2797303],
            [-97.7337361, 30.2796267],
            [-97.7333945, 30.279532],
            [-97.7333871, 30.2795502],
            [-97.7333375, 30.2795361],
            [-97.7333564, 30.2794795],
            [-97.7333474, 30.2794615],
            [-97.7333152, 30.2794506],
            [-97.7333006, 30.2794575],
            [-97.7332816, 30.2795033],
            [-97.7332173, 30.2794832],
            [-97.7331337, 30.2796935],
            [-97.7330725, 30.2796752],
            [-97.7330146, 30.2798355],
            [-97.7330776, 30.2798534],
            [-97.733001, 30.280062],
            [-97.7330642, 30.2800802],
            [-97.733053, 30.2801204],
            [-97.7330632, 30.2801376],
            [-97.7330928, 30.2801463],
            [-97.7331087, 30.2801382],
            [-97.733131, 30.2800829],
            [-97.733187, 30.2800998]
          ]
        ]
      },
      "id": "way/172665673"
    },
    {
      "type": "Feature",
      "properties": {
        "@id": "way/181382909",
        "addr:city": "Austin",
        "addr:housenumber": "1300",
        "addr:postcode": "78702",
        "addr:state": "TX",
        "addr:street": "East Martin Luther King Jr Boulevard",
        "leisure": "pitch",
        "lit": "yes",
        "name": "UFCU Disch-Falk Field",
        "ref": "DFF",
        "sport": "baseball",
        "surface": "artificial_turf",
        "wikidata": "Q7864459"
      },
      "geometry": {
        "type": "Polygon",
        "coordinates": [
          [
            [-97.7267147, 30.2804534],
            [-97.7267162, 30.2797848],
            [-97.7266557, 30.2794713],
            [-97.7265618, 30.2794134],
            [-97.726161, 30.2794698],
            [-97.7256311, 30.279652],
            [-97.7255173, 30.2796621],
            [-97.7254901, 30.2798764],
            [-97.7256887, 30.2803732],
            [-97.7258981, 30.2805105],
            [-97.7264954, 30.2805252],
            [-97.7267147, 30.2804534]
          ]
        ]
      },
      "id": "way/181382909"
    },
    {
      "type": "Feature",
      "properties": {
        "@id": "way/187012550",
        "addr:city": "Austin",
        "addr:housenumber": "1200",
        "addr:postcode": "78722",
        "addr:state": "TX",
        "addr:street": "East Martin Luther King Jr. Boulevard",
        "alt_name": "ECG",
        "amenity": "parking",
        "building": "yes",
        "name": "East Campus Garage",
        "parking": "multi-storey",
        "ref": "ECG",
        "supervised": "yes"
      },
      "geometry": {
        "type": "Polygon",
        "coordinates": [
          [
            [-97.7278974, 30.2805367],
            [-97.7285494, 30.2790339],
            [-97.7284932, 30.2790161],
            [-97.7285102, 30.2789768],
            [-97.7283231, 30.2789164],
            [-97.7283057, 30.2789568],
            [-97.7279963, 30.2788588],
            [-97.727946, 30.2789748],
            [-97.7279277, 30.2789689],
            [-97.7277673, 30.2789173],
            [-97.7275956, 30.279288],
            [-97.7275854, 30.2792846],
            [-97.7275592, 30.279276],
            [-97.7274707, 30.2794805],
            [-97.7275124, 30.2794957],
            [-97.7274835, 30.2795613],
            [-97.727537, 30.2795769],
            [-97.7276076, 30.2795993],
            [-97.7276693, 30.279619],
            [-97.7273259, 30.2804051],
            [-97.7274258, 30.2804372],
            [-97.7274228, 30.2804439],
            [-97.7274895, 30.2804654],
            [-97.7274924, 30.2804587],
            [-97.7275167, 30.2804665],
            [-97.7275368, 30.28042],
            [-97.7276241, 30.2804503],
            [-97.7278104, 30.28051],
            [-97.7278974, 30.2805367]
          ]
        ]
      },
      "id": "way/187012550"
    },
    {
      "type": "Feature",
      "properties": {
        "@id": "way/187012552",
        "addr:housenumber": "2001",
        "addr:postcode": "78705",
        "addr:street": "Comal Street",
        "baseball": "softball",
        "leisure": "pitch",
        "name": "Red and Charline McCombs Field",
        "ref": "SBS",
        "short_name": "McCombs Field",
        "sport": "baseball",
        "wikidata": "Q7305270",
        "wikipedia": "en:Red and Charline McCombs Field"
      },
      "geometry": {
        "type": "Polygon",
        "coordinates": [
          [
            [-97.725218, 30.2811273],
            [-97.7251379, 30.2807891],
            [-97.7250974, 30.2806182],
            [-97.7250814, 30.2805603],
            [-97.7250304, 30.280521],
            [-97.7244346, 30.2806119],
            [-97.7243625, 30.2806229],
            [-97.7244321, 30.2809212],
            [-97.7245449, 30.281063],
            [-97.7247675, 30.2811672],
            [-97.724872, 30.2811829],
            [-97.7249578, 30.281176],
            [-97.725218, 30.2811273]
          ]
        ]
      },
      "id": "way/187012552"
    },
    {
      "type": "Feature",
      "properties": {
        "@id": "way/236328111",
        "addr:city": "Austin",
        "addr:housenumber": "1701",
        "addr:postcode": "78701",
        "addr:state": "TX",
        "addr:street": "Lavaca Street",
        "alt_name": "Hampton Inn",
        "branch": "Austin @ The University/Capitol",
        "brand": "Hampton Inn & Suites",
        "brand:wikidata": "Q5646230",
        "building": "yes",
        "building:levels": "4",
        "name": "Hampton Inn & Suites Austin at The University/Capitol",
        "official_name": "Hampton Inn & Suites by Hilton",
        "phone": "+1 512-499-8881",
        "ref": "AUSUAHX",
        "tourism": "hotel",
        "website": "https://www.hilton.com/en/hotels/ausuahx-hampton-suites-austin-at-the-university-capitol/",
        "wheelchair": "yes"
      },
      "geometry": {
        "type": "Polygon",
        "coordinates": [
          [
            [-97.7409835, 30.279791],
            [-97.7411094, 30.2794712],
            [-97.7409059, 30.2794114],
            [-97.7406759, 30.2793438],
            [-97.74055, 30.2796637],
            [-97.7407743, 30.2797295],
            [-97.7409835, 30.279791]
          ]
        ]
      },
      "id": "way/236328111"
    },
    {
      "type": "Feature",
      "properties": {
        "@id": "way/343256275",
        "addr:city": "Austin",
        "addr:housenumber": "2400",
        "addr:postcode": "78705",
        "addr:state": "TX",
        "addr:street": "Nueces Street",
        "alt_name": "N24",
        "building": "apartments",
        "building:levels": "16",
        "name": "2400 Nueces",
        "operator": "The University of Texas as Austin",
        "ref": "N24"
      },
      "geometry": {
        "type": "Polygon",
        "coordinates": [
          [
            [-97.7437492, 30.2879797],
            [-97.7432616, 30.2879402],
            [-97.7432518, 30.2880299],
            [-97.7432033, 30.288026],
            [-97.7431161, 30.2888269],
            [-97.7436967, 30.288874],
            [-97.7437836, 30.2880751],
            [-97.7437393, 30.2880715],
            [-97.7437492, 30.2879797]
          ]
        ]
      },
      "id": "way/343256275"
    },
    {
      "type": "Feature",
      "properties": {
        "@id": "way/343262782",
        "addr:city": "Austin",
        "addr:housenumber": "504",
        "addr:postcode": "78705",
        "addr:state": "TX",
        "addr:street": "West 24th Street",
        "addr:unit": "B",
        "air_conditioning": "yes",
        "amenity": "cafe",
        "branch": "West24th & Nueces (White House)",
        "brand": "Starbucks",
        "brand:wikidata": "Q37158",
        "building": "yes",
        "cuisine": "coffee_shop",
        "drive_through": "no",
        "name": "Starbucks",
        "official_name": "Starbucks Coffee",
        "outdoor_seating": "yes",
        "phone": "+1 512-472-5211",
        "ref": "16692",
        "takeaway": "yes",
        "website": "https://www.starbucks.com/store-locator/store/16692/w-24th-nueces-white-house-504-w-24th-st-suite-b-austin-tx-787055231-us"
      },
      "geometry": {
        "type": "Polygon",
        "coordinates": [
          [
            [-97.7425887, 30.2878346],
            [-97.7425748, 30.2878362],
            [-97.7425653, 30.2878407],
            [-97.742558, 30.2878502],
            [-97.7425552, 30.287861],
            [-97.7425345, 30.2880684],
            [-97.7426358, 30.2880759],
            [-97.7426606, 30.2878399],
            [-97.7425887, 30.2878346]
          ]
        ]
      },
      "id": "way/343262782"
    },
    {
      "type": "Feature",
      "properties": {
        "@id": "way/380922390",
        "addr:city": "Austin",
        "addr:housenumber": "1900",
        "addr:postcode": "78705",
        "addr:state": "TX",
        "addr:street": "Guadalupe Street",
        "amenity": "fast_food",
        "brand": "Domino's",
        "brand:wikidata": "Q839466",
        "building": "yes",
        "cuisine": "pizza",
        "height": "10.0",
        "import": "yes",
        "name": "Domino's",
        "opening_hours": "Su-Th 10:00-01:00, Fr,Sa 10:00-02:00",
        "phone": "+1 512-477-0101",
        "ref": "6601",
        "source": "City of Austin",
        "takeaway": "yes",
        "website": "https://pizza.dominos.com/texas/austin/1900-guadalupe-ave",
        "wheelchair": "yes"
      },
      "geometry": {
        "type": "Polygon",
        "coordinates": [
          [
            [-97.7423541, 30.2821952],
            [-97.7425547, 30.28221],
            [-97.7425633, 30.2821249],
            [-97.742473, 30.2821181],
            [-97.742479, 30.2820587],
            [-97.742368, 30.2820503],
            [-97.742367, 30.2820599],
            [-97.7423029, 30.2820551],
            [-97.7422971, 30.2821131],
            [-97.7423619, 30.2821179],
            [-97.7423541, 30.2821952]
          ]
        ]
      },
      "id": "way/380922390"
    },
    {
      "type": "Feature",
      "properties": {
        "@id": "way/381808291",
        "addr:city": "Austin",
        "addr:housenumber": "2348",
        "addr:postcode": "78705",
        "addr:state": "TX",
        "addr:street": "North Interstate Highway 35 Service Road",
        "alt_name": "AF2",
        "building": "university",
        "height": "5.0",
        "name": "Athletic Fields Pavilion (Eastside)",
        "ref": "AF2"
      },
      "geometry": {
        "type": "Polygon",
        "coordinates": [
          [
            [-97.726479, 30.284963],
            [-97.72649, 30.2849658],
            [-97.726561, 30.284982],
            [-97.726646, 30.284712],
            [-97.726521, 30.284682],
            [-97.7264364, 30.2849536],
            [-97.726479, 30.284963]
          ]
        ]
      },
      "id": "way/381808291"
    },
    {
      "type": "Feature",
      "properties": {
        "@id": "way/381808305",
        "addr:city": "Austin",
        "addr:housenumber": "2900",
        "addr:postcode": "78705",
        "addr:state": "TX",
        "addr:street": "North Interstate Highway 35 Service Road",
        "branch": "University/Downtown",
        "brand": "Rodeway Inn",
        "brand:wikidata": "Q7356709",
        "building": "yes",
        "height": "10.6",
        "name": "Rodeway Inn University / Downtown",
        "phone": "+1 512-477-6395",
        "ref": "TX191",
        "tourism": "motel",
        "website": "https://www.choicehotels.com/texas/round-rock/woodspring-hotels"
      },
      "geometry": {
        "type": "Polygon",
        "coordinates": [
          [
            [-97.7250517, 30.2875393],
            [-97.7248059, 30.287923],
            [-97.7248998, 30.2879674],
            [-97.7251975, 30.2875049],
            [-97.7248595, 30.2873413],
            [-97.7247626, 30.2874935],
            [-97.7248414, 30.2875315],
            [-97.7248878, 30.2874589],
            [-97.7250517, 30.2875393]
          ]
        ]
      },
      "id": "way/381808305"
    },
    {
      "type": "Feature",
      "properties": {
        "@id": "way/381808841",
        "addr:city": "Austin",
        "addr:housenumber": "2513",
        "addr:postcode": "78705",
        "addr:state": "TX",
        "addr:street": "Red River Street",
        "alt_name": "AF1",
        "building": "university",
        "building:levels": "1",
        "name": "Athletic Fields Pavilion (Rehab)",
        "ref": "AF1"
      },
      "geometry": {
        "type": "Polygon",
        "coordinates": [
          [
            [-97.726069, 30.286691],
            [-97.726089, 30.286626],
            [-97.726024, 30.286611],
            [-97.726027, 30.286601],
            [-97.7259, 30.286571],
            [-97.725877, 30.286646],
            [-97.726069, 30.286691]
          ]
        ]
      },
      "id": "way/381808841"
    },
    {
      "type": "Feature",
      "properties": {
        "@id": "way/381834143",
        "addr:city": "Austin",
        "addr:housenumber": "303",
        "addr:postcode": "78701",
        "addr:state": "TX",
        "addr:street": "West 15th Street",
        "branch": "Hotel Austin",
        "brand": "DoubleTree",
        "brand:wikidata": "Q2504643",
        "building": "yes",
        "building:levels": "15",
        "check_date": "2026-05-05",
        "email": "ausfl_dt@hilton.com",
        "fax": "+1 512-478-5103",
        "height": "57.7",
        "internet_access": "wlan",
        "internet_access:fee": "yes",
        "name": "DoubleTree Suites by Hilton Austin Downtown Capitol",
        "official_name": "DoubleTree by Hilton",
        "phone": "+1 512-478-7000",
        "ref": "AUSFLDT",
        "tourism": "hotel",
        "website": "https://www.hilton.com/en/hotels/ausfldt-doubletree-suites-austin-downtown/"
      },
      "geometry": {
        "type": "Polygon",
        "coordinates": [
          [
            [-97.7427838, 30.2775478],
            [-97.7428508, 30.2773563],
            [-97.7422836, 30.2771943],
            [-97.7422086, 30.2773926],
            [-97.7427838, 30.2775478]
          ]
        ]
      },
      "id": "way/381834143"
    },
    {
      "type": "Feature",
      "properties": {
        "@id": "way/381834166",
        "addr:city": "Austin",
        "addr:housenumber": "503",
        "addr:postcode": "78701",
        "addr:state": "TX",
        "addr:street": "West Martin Luther King Jr Boulevard",
        "amenity": "fast_food",
        "branch": "Martin Luther King Drive-Thru Only",
        "brand": "Chick-fil-A",
        "brand:wikidata": "Q491516",
        "building": "yes",
        "cuisine": "chicken",
        "delivery": "yes",
        "drive_through": "yes",
        "height": "5.9",
        "indoor_seating": "yes",
        "internet_access": "wlan",
        "name": "Chick-fil-A",
        "opening_hours": "Mo-Sa 06:00-23:45; Su closed",
        "phone": "+1 512-473-8651",
        "ref": "02992",
        "takeaway": "yes",
        "website": "https://www.chick-fil-a.com/locations/tx/martin-luther-king-drive-thru-only"
      },
      "geometry": {
        "type": "Polygon",
        "coordinates": [
          [
            [-97.743063, 30.281821],
            [-97.743069, 30.281822],
            [-97.743072, 30.281816],
            [-97.743097, 30.281823],
            [-97.743102, 30.281809],
            [-97.743125, 30.281816],
            [-97.74314, 30.281817],
            [-97.743153, 30.281812],
            [-97.743162, 30.281807],
            [-97.74317, 30.281797],
            [-97.743187, 30.281748],
            [-97.743207, 30.281754],
            [-97.743224, 30.281707],
            [-97.743213, 30.281704],
            [-97.74324, 30.281632],
            [-97.743146, 30.281606],
            [-97.743093, 30.281753],
            [-97.743045, 30.28174],
            [-97.743047, 30.281736],
            [-97.743018, 30.281728],
            [-97.743013, 30.281741],
            [-97.74301, 30.28174],
            [-97.742991, 30.281793],
            [-97.743015, 30.2818],
            [-97.743012, 30.281807],
            [-97.743063, 30.281821]
          ]
        ]
      },
      "id": "way/381834166"
    },
    {
      "type": "Feature",
      "properties": {
        "@id": "way/381834275",
        "addr:city": "Austin",
        "addr:housenumber": "500",
        "addr:postcode": "78701",
        "addr:state": "TX",
        "addr:street": "East 18th Street",
        "building": "yes",
        "height": "9.4",
        "name": "Arthur P. Watson House",
        "ref": "WAT"
      },
      "geometry": {
        "type": "Polygon",
        "coordinates": [
          [
            [-97.733461, 30.278439],
            [-97.733433, 30.27843],
            [-97.73341, 30.278484],
            [-97.733403, 30.278481],
            [-97.733383, 30.278526],
            [-97.733482, 30.278558],
            [-97.733501, 30.278515],
            [-97.733472, 30.278506],
            [-97.733476, 30.278498],
            [-97.733491, 30.278503],
            [-97.733512, 30.278455],
            [-97.733461, 30.278439]
          ]
        ]
      },
      "id": "way/381834275"
    },
    {
      "type": "Feature",
      "properties": {
        "@id": "way/382075784",
        "addr:city": "Austin",
        "addr:housenumber": "307",
        "addr:postcode": "78712",
        "addr:state": "TX",
        "addr:street": "East 21st Street",
        "alt_name": "CLK",
        "building": "yes",
        "building:levels": "1",
        "building:prefabricated": "no",
        "height": "6.2",
        "name": "Caven Clark Field Support Building",
        "ref": "CLK"
      },
      "geometry": {
        "type": "Polygon",
        "coordinates": [
          [
            [-97.7347682, 30.2817301],
            [-97.7348712, 30.2818011],
            [-97.7350392, 30.2816181],
            [-97.7349302, 30.2815421],
            [-97.7347622, 30.2817251],
            [-97.7347682, 30.2817301]
          ]
        ]
      },
      "id": "way/382075784"
    },
    {
      "type": "Feature",
      "properties": {
        "@id": "way/382130723",
        "addr:city": "Austin",
        "addr:housenumber": "1617",
        "addr:postcode": "78702",
        "addr:state": "TX",
        "addr:street": "East 16th Street",
        "branch": "Hotel Austin - University Area",
        "brand": "DoubleTree",
        "brand:wikidata": "Q2504643",
        "building": "yes",
        "check_date": "2026-04-26",
        "height": "24.1",
        "name": "DoubleTree by Hilton Austin - University Area",
        "official_name": "DoubleTree by Hilton",
        "ref": "AUSIMDT",
        "tourism": "hotel",
        "website": "https://www.hilton.com/en/hotels/ausimdt-doubletree-austin-university-area/"
      },
      "geometry": {
        "type": "Polygon",
        "coordinates": [
          [
            [-97.729153, 30.277142],
            [-97.729129, 30.277019],
            [-97.729059, 30.277029],
            [-97.729054, 30.277001],
            [-97.728932, 30.277018],
            [-97.728953, 30.277126],
            [-97.728947, 30.277127],
            [-97.728975, 30.277271],
            [-97.72898, 30.27727],
            [-97.728997, 30.277358],
            [-97.729516, 30.277283],
            [-97.729511, 30.277258],
            [-97.729559, 30.277251],
            [-97.729546, 30.277183],
            [-97.729498, 30.27719],
            [-97.729484, 30.277116],
            [-97.729222, 30.277153],
            [-97.729223, 30.27716],
            [-97.729158, 30.277169],
            [-97.729153, 30.277142]
          ]
        ]
      },
      "id": "way/382130723"
    },
    {
      "type": "Feature",
      "properties": {
        "@id": "way/382131860",
        "addr:city": "Austin",
        "addr:housenumber": "2700",
        "addr:postcode": "78705",
        "addr:state": "TX",
        "addr:street": "Guadalupe Street",
        "amenity": "fast_food",
        "brand": "In-N-Out Burger",
        "brand:wikidata": "Q1205312",
        "building": "yes",
        "building:use": "fast_food",
        "cuisine": "burger",
        "drive_through": "yes",
        "height": "6.1",
        "layer": "1",
        "name": "In-N-Out Burger",
        "opening_hours": "Su-Th 10:30-01:00; Fr-Sa 10:30-01:30",
        "ref": "319",
        "smoking": "no",
        "takeaway": "yes",
        "website": "https://locations.in-n-out.com/319"
      },
      "geometry": {
        "type": "Polygon",
        "coordinates": [
          [
            [-97.741746, 30.292323],
            [-97.741763, 30.29216],
            [-97.741639, 30.29215],
            [-97.7416407, 30.2921333],
            [-97.741643, 30.292111],
            [-97.741598, 30.292107],
            [-97.7415958, 30.2921305],
            [-97.741594, 30.292149],
            [-97.741556, 30.292146],
            [-97.741539, 30.292307],
            [-97.741746, 30.292323]
          ]
        ]
      },
      "id": "way/382131860"
    },
    {
      "type": "Feature",
      "properties": {
        "@id": "way/516282867",
        "addr:city": "Austin",
        "addr:housenumber": "2501",
        "addr:postcode": "78712",
        "addr:state": "TX",
        "addr:street": "Speedway",
        "alt_name": "EER",
        "building": "university",
        "building:levels": "8",
        "name": "Engineering Education and Research Center",
        "ref": "EER",
        "source": "local knowledge"
      },
      "geometry": {
        "type": "Polygon",
        "coordinates": [
          [
            [-97.7357268, 30.288593],
            [-97.7357474, 30.2883865],
            [-97.7356381, 30.2883775],
            [-97.7356463, 30.2883076],
            [-97.7356591, 30.2881869],
            [-97.7357693, 30.2881959],
            [-97.7357916, 30.2879929],
            [-97.7350987, 30.287936],
            [-97.7349527, 30.287924],
            [-97.7349298, 30.2881319],
            [-97.7350309, 30.2881402],
            [-97.7350099, 30.2883308],
            [-97.7349142, 30.288323],
            [-97.7348919, 30.2885258],
            [-97.7352004, 30.2885525],
            [-97.7351769, 30.2887799],
            [-97.7355839, 30.2888115],
            [-97.7355877, 30.2887801],
            [-97.73559, 30.2887533],
            [-97.7357093, 30.2887625],
            [-97.7357268, 30.288593]
          ]
        ]
      },
      "id": "way/516282867"
    },
    {
      "type": "Feature",
      "properties": {
        "@id": "way/516282874",
        "addr:city": "Austin",
        "addr:housenumber": "1601",
        "addr:postcode": "78701",
        "addr:state": "TX",
        "addr:street": "Trinity Street",
        "addr:unit": "A",
        "alt_name": "HTB",
        "building": "hospital",
        "name": "Health Transformation Building",
        "ref": "HTB"
      },
      "geometry": {
        "type": "Polygon",
        "coordinates": [
          [
            [-97.7350982, 30.2777861],
            [-97.7351541, 30.2776334],
            [-97.7351802, 30.2775622],
            [-97.7352259, 30.2775748],
            [-97.7354823, 30.276877],
            [-97.7355325, 30.2768897],
            [-97.735555, 30.2768274],
            [-97.7353921, 30.2767803],
            [-97.7354169, 30.2767058],
            [-97.7350459, 30.2765992],
            [-97.7350193, 30.2765915],
            [-97.7349945, 30.2766714],
            [-97.7350173, 30.2766799],
            [-97.7346822, 30.2774548],
            [-97.735082, 30.277563],
            [-97.7350582, 30.277628],
            [-97.735009, 30.2777623],
            [-97.7350982, 30.2777861]
          ]
        ]
      },
      "id": "way/516282874"
    },
    {
      "type": "Feature",
      "properties": {
        "@id": "way/516283024",
        "addr:city": "Austin",
        "addr:housenumber": "300",
        "addr:postcode": "78705",
        "addr:state": "TX",
        "addr:street": "West Martin Luther King Jr Boulevard",
        "alt_name": "RRH",
        "building": "university",
        "building:levels": "10",
        "name": "Robert B. Rowling Hall",
        "ref": "RRH"
      },
      "geometry": {
        "type": "Polygon",
        "coordinates": [
          [
            [-97.7417628, 30.2825384],
            [-97.7418057, 30.2819038],
            [-97.7411084, 30.2817046],
            [-97.741103, 30.2819152],
            [-97.7413122, 30.2819131],
            [-97.741457, 30.2819547],
            [-97.741453, 30.2821104],
            [-97.7414502, 30.2822325],
            [-97.7414245, 30.2822796],
            [-97.7412234, 30.2822887],
            [-97.7412036, 30.2824946],
            [-97.7415418, 30.2825211],
            [-97.7416631, 30.2825306],
            [-97.7417628, 30.2825384]
          ]
        ]
      },
      "id": "way/516283024"
    },
    {
      "type": "Feature",
      "properties": {
        "@id": "way/516285436",
        "addr:city": "Austin",
        "addr:housenumber": "1501",
        "addr:postcode": "78701",
        "addr:state": "TX",
        "addr:street": "Red River Street",
        "alt_name": "HLB",
        "building": "hospital",
        "building:levels": "7",
        "name": "Health Learning Building",
        "ref": "HLB"
      },
      "geometry": {
        "type": "Polygon",
        "coordinates": [
          [
            [-97.7336331, 30.2756991],
            [-97.7336941, 30.2755308],
            [-97.7336348, 30.2755133],
            [-97.733651, 30.2754746],
            [-97.7335452, 30.2754475],
            [-97.733549, 30.2754405],
            [-97.7333498, 30.2753842],
            [-97.7333449, 30.2754002],
            [-97.7330438, 30.2753201],
            [-97.7329894, 30.2754558],
            [-97.7329823, 30.2754536],
            [-97.7329565, 30.2755115],
            [-97.7336331, 30.2756991]
          ]
        ]
      },
      "id": "way/516285436"
    },
    {
      "type": "Feature",
      "properties": {
        "@id": "way/516285446",
        "addr:city": "Austin",
        "addr:housenumber": "1500",
        "addr:postcode": "78701",
        "addr:state": "TX",
        "addr:street": "Red River Street",
        "alt_name": "SMC",
        "building": "hospital",
        "name": "Dell Seton Medical Center at the University of Texas",
        "ref": "SMC",
        "smoking": "outside",
        "wheelchair": "yes",
        "wikidata": "Q109237279",
        "wikipedia": "en:Dell Seton Medical Center"
      },
      "geometry": {
        "type": "Polygon",
        "coordinates": [
          [
            [-97.7340144, 30.2771997],
            [-97.7341302, 30.2768794],
            [-97.7342018, 30.2768984],
            [-97.7342463, 30.2767786],
            [-97.734268, 30.2767843],
            [-97.7343023, 30.2766989],
            [-97.7343984, 30.2764608],
            [-97.7345641, 30.2760501],
            [-97.7344264, 30.2760101],
            [-97.7344536, 30.2759299],
            [-97.7346162, 30.2759763],
            [-97.7346901, 30.2759975],
            [-97.7347225, 30.2760067],
            [-97.7347465, 30.2760137],
            [-97.7347685, 30.2759544],
            [-97.7347433, 30.2759474],
            [-97.7347947, 30.2758097],
            [-97.7347688, 30.2758028],
            [-97.7346977, 30.2757837],
            [-97.7346226, 30.2757635],
            [-97.7345768, 30.2757503],
            [-97.7339585, 30.2755852],
            [-97.7338679, 30.2758368],
            [-97.7339511, 30.2758592],
            [-97.7337744, 30.2763499],
            [-97.733699, 30.2763297],
            [-97.7334946, 30.276881],
            [-97.7339956, 30.2770176],
            [-97.7339409, 30.2771798],
            [-97.7340144, 30.2771997]
          ]
        ]
      },
      "id": "way/516285446"
    },
    {
      "type": "Feature",
      "properties": {
        "@id": "way/656119772",
        "addr:city": "Austin",
        "addr:housenumber": "305",
        "addr:postcode": "78705",
        "addr:state": "TX",
        "addr:street": "Inner Campus Drive",
        "alt_name": "SUT",
        "building": "university",
        "building:colour": "#deb887",
        "building:levels": "3",
        "ele": "176",
        "height": "13",
        "min_height": "10",
        "name": "Sutton Hall",
        "ref": "SUT",
        "roof:colour": "#872e08",
        "roof:height": "3",
        "roof:shape": "hipped",
        "wikidata": "Q7650275"
      },
      "geometry": {
        "type": "Polygon",
        "coordinates": [
          [
            [-97.7411654, 30.2848697],
            [-97.7405201, 30.2848206],
            [-97.7404978, 30.2850392],
            [-97.7411431, 30.2850883],
            [-97.7411654, 30.2848697]
          ]
        ]
      },
      "id": "way/656119772"
    },
    {
      "type": "Feature",
      "properties": {
        "@id": "way/665454575",
        "addr:city": "Austin",
        "addr:housenumber": "707",
        "addr:postcode": "78712",
        "addr:state": "TX",
        "addr:street": "Clyde Littlefield Drive",
        "leisure": "stadium",
        "name": "Mike A. Myers Stadium",
        "ref": "MMS",
        "sport": "soccer",
        "wikidata": "Q6588130",
        "wikipedia": "en:Mike A. Myers Stadium"
      },
      "geometry": {
        "type": "Polygon",
        "coordinates": [
          [
            [-97.7310153, 30.2820924],
            [-97.7308625, 30.2820552],
            [-97.7308733, 30.2820529],
            [-97.7308959, 30.2819781],
            [-97.7306038, 30.281901],
            [-97.7305594, 30.2818571],
            [-97.7304992, 30.2818153],
            [-97.7304548, 30.2817891],
            [-97.7304011, 30.281766],
            [-97.7303427, 30.2817463],
            [-97.7302699, 30.2817306],
            [-97.7302136, 30.2817247],
            [-97.7301679, 30.2817221],
            [-97.7301363, 30.2817238],
            [-97.7301008, 30.2817259],
            [-97.7300593, 30.2817313],
            [-97.7297221, 30.2816462],
            [-97.7296302, 30.2816091],
            [-97.7296057, 30.2816018],
            [-97.7295525, 30.281586],
            [-97.7293701, 30.2818222],
            [-97.7292602, 30.2820374],
            [-97.7292494, 30.2820585],
            [-97.7291287, 30.2823735],
            [-97.7291015, 30.2824977],
            [-97.7290695, 30.2826442],
            [-97.7290294, 30.2828275],
            [-97.729043, 30.2832032],
            [-97.7291314, 30.2832235],
            [-97.7291315, 30.2831406],
            [-97.7292522, 30.2831406],
            [-97.7293781, 30.2833162],
            [-97.7294775, 30.283363],
            [-97.7294935, 30.283344],
            [-97.7295954, 30.2833949],
            [-97.7297214, 30.2834343],
            [-97.7299279, 30.2834806],
            [-97.7301398, 30.2835108],
            [-97.7303571, 30.2834876],
            [-97.7304214, 30.2834621],
            [-97.7304439, 30.2833908],
            [-97.7305776, 30.2834256],
            [-97.730649, 30.2832144],
            [-97.7310153, 30.2820924]
          ]
        ]
      },
      "id": "way/665454575"
    },
    {
      "type": "Feature",
      "properties": {
        "@id": "way/953200132",
        "addr:city": "Austin",
        "addr:housenumber": "2001",
        "addr:postcode": "78712",
        "addr:state": "TX",
        "addr:street": "Robert Dedman Drive",
        "alt_name": "MCA",
        "architect": "Gensler",
        "building": "stadium",
        "description": "Basketball arena and events center",
        "name": "Moody Center",
        "note": "Dimensions approximate",
        "ref": "MCA",
        "smoking": "no",
        "start_date": "2022-04-18",
        "website": "http://www.moodycenteratx.com",
        "wikidata": "Q79477138",
        "wikipedia": "en:Moody Center"
      },
      "geometry": {
        "type": "Polygon",
        "coordinates": [
          [
            [-97.7309397, 30.2816446],
            [-97.7309676, 30.2815655],
            [-97.7311088, 30.2814484],
            [-97.731163, 30.2814021],
            [-97.7312173, 30.2813559],
            [-97.7313149, 30.2812418],
            [-97.731363, 30.2811651],
            [-97.731412, 30.2811729],
            [-97.7314305, 30.2811727],
            [-97.7314391, 30.2811628],
            [-97.7314485, 30.2811107],
            [-97.7313845, 30.2808948],
            [-97.731302, 30.2807811],
            [-97.7307941, 30.2803323],
            [-97.7306428, 30.2802848],
            [-97.7306132, 30.2803304],
            [-97.730561, 30.2803266],
            [-97.7304432, 30.28034],
            [-97.7302936, 30.2804074],
            [-97.7302468, 30.2804324],
            [-97.7302123, 30.2804586],
            [-97.7301735, 30.2804273],
            [-97.7300892, 30.2804883],
            [-97.7300188, 30.2805527],
            [-97.7299401, 30.2806279],
            [-97.7299934, 30.2806664],
            [-97.7299513, 30.2807274],
            [-97.7299164, 30.2808229],
            [-97.7299058, 30.2808814],
            [-97.7299089, 30.2809785],
            [-97.7298563, 30.2809913],
            [-97.7299005, 30.2811032],
            [-97.7302406, 30.2814094],
            [-97.7304621, 30.281589],
            [-97.7308995, 30.2816657],
            [-97.7309397, 30.2816446]
          ]
        ]
      },
      "id": "way/953200132"
    },
    {
      "type": "Feature",
      "properties": {
        "@id": "way/960180825",
        "addr:city": "Austin",
        "addr:housenumber": "301",
        "addr:postcode": "78701",
        "addr:state": "TX",
        "addr:street": "West 17th Street",
        "air_conditioning": "yes",
        "bar": "yes",
        "branch": "Austin University Capitol District",
        "brand": "Hilton Garden Inn",
        "brand:wikidata": "Q1162859",
        "building": "yes",
        "building:levels": "18",
        "height": "70.1",
        "internet_access": "wlan",
        "name": "Hilton Garden Inn",
        "phone": "+1 512-319-3333",
        "ref": "AUSAUGI",
        "rooms": "214",
        "start_date": "2021-08-27",
        "tourism": "hotel",
        "website": "https://www.hilton.com/en/hotels/ausaugi-hilton-garden-inn-austin-university-capitol-district/",
        "wheelchair": "yes"
      },
      "geometry": {
        "type": "Polygon",
        "coordinates": [
          [
            [-97.741468, 30.2791942],
            [-97.7413995, 30.2793757],
            [-97.7417869, 30.2794847],
            [-97.7418554, 30.2793031],
            [-97.7418112, 30.2792907],
            [-97.741468, 30.2791942]
          ]
        ]
      },
      "id": "way/960180825"
    },
    {
      "type": "Feature",
      "properties": {
        "@id": "way/1021335881",
        "access": "customers",
        "addr:city": "Austin",
        "addr:housenumber": "1601",
        "addr:postcode": "78701",
        "addr:state": "TX",
        "addr:street": "Trinity Street",
        "alt_name": "HCG",
        "amenity": "parking",
        "building": "parking",
        "building:levels": "6",
        "name": "Health Center Garage",
        "operator": "The University of Texas at Austin",
        "operator:type": "university",
        "parking": "multi-storey",
        "ref": "HCG"
      },
      "geometry": {
        "type": "Polygon",
        "coordinates": [
          [
            [-97.735555, 30.2768274],
            [-97.7357083, 30.2763977],
            [-97.7357392, 30.276312],
            [-97.7351962, 30.2761723],
            [-97.7350459, 30.2765992],
            [-97.7354169, 30.2767058],
            [-97.7353921, 30.2767803],
            [-97.735555, 30.2768274]
          ]
        ]
      },
      "id": "way/1021335881"
    },
    {
      "type": "Feature",
      "properties": {
        "@id": "way/1054317156",
        "addr:city": "Austin",
        "addr:housenumber": "533",
        "addr:postcode": "78712",
        "addr:state": "TX",
        "addr:street": "East 20th Street",
        "building": "university",
        "building:levels": "4",
        "name": "Basketball and Rowing Training Facility",
        "ref": "BBR"
      },
      "geometry": {
        "type": "Polygon",
        "coordinates": [
          [
            [-97.7318135, 30.2808238],
            [-97.7319033, 30.2805258],
            [-97.7318361, 30.2805107],
            [-97.7319222, 30.2802254],
            [-97.7319503, 30.2802317],
            [-97.7320017, 30.2800611],
            [-97.7316887, 30.2799908],
            [-97.7314614, 30.2807446],
            [-97.7318135, 30.2808238]
          ]
        ]
      },
      "id": "way/1054317156"
    },
    {
      "type": "Feature",
      "properties": {
        "@id": "way/1054507728",
        "addr:city": "Austin",
        "addr:housenumber": "1601",
        "addr:postcode": "78701",
        "addr:state": "TX",
        "addr:street": "Trinity Street",
        "addr:unit": "B",
        "alt_name": "HDB",
        "building": "hospital",
        "name": "Health Discovery Building",
        "ref": "HDB"
      },
      "geometry": {
        "type": "Polygon",
        "coordinates": [
          [
            [-97.7350982, 30.2777861],
            [-97.735009, 30.2777623],
            [-97.7349124, 30.2777345],
            [-97.734891, 30.2777715],
            [-97.7347086, 30.2778596],
            [-97.7346442, 30.2777623],
            [-97.7344726, 30.2778364],
            [-97.7344569, 30.2778077],
            [-97.7342448, 30.2779097],
            [-97.7343045, 30.2780088],
            [-97.7341829, 30.2780588],
            [-97.7343063, 30.2783275],
            [-97.7349339, 30.2785081],
            [-97.735186, 30.2778099],
            [-97.7350982, 30.2777861]
          ]
        ]
      },
      "id": "way/1054507728"
    },
    {
      "type": "Feature",
      "properties": {
        "@id": "way/1164983004",
        "addr:city": "Austin",
        "addr:housenumber": "210",
        "addr:postcode": "78712",
        "addr:state": "TX",
        "addr:street": "East 24th Street",
        "alt_name": "GLT",
        "building": "university",
        "building:levels": "8",
        "name": "Gary L. Thomas Energy Engineering Building",
        "ref": "GLT"
      },
      "geometry": {
        "type": "Polygon",
        "coordinates": [
          [
            [-97.7364101, 30.2876623],
            [-97.7364137, 30.2876272],
            [-97.7364256, 30.2875115],
            [-97.7363677, 30.2875071],
            [-97.7363737, 30.287448],
            [-97.7360406, 30.2874224],
            [-97.735995, 30.2874189],
            [-97.735993, 30.2874385],
            [-97.735954, 30.2874355],
            [-97.735926, 30.2874333],
            [-97.7359279, 30.2874145],
            [-97.7352955, 30.2873659],
            [-97.7352928, 30.2873923],
            [-97.7352414, 30.2873884],
            [-97.7352349, 30.2874517],
            [-97.7352312, 30.2874875],
            [-97.7352226, 30.2875711],
            [-97.7358852, 30.2876223],
            [-97.735924, 30.287625],
            [-97.7359669, 30.2876279],
            [-97.7364101, 30.2876623]
          ]
        ]
      },
      "id": "way/1164983004"
    },
    {
      "type": "Feature",
      "properties": {
        "@id": "way/1419045023",
        "addr:city": "Austin",
        "addr:housenumber": "2021",
        "addr:postcode": "78712",
        "addr:state": "TX",
        "addr:street": "San Jacinto Boulevard",
        "alt_name": "SEZ",
        "building": "university",
        "name": "South End Zone",
        "ref": "SEZ"
      },
      "geometry": {
        "type": "Polygon",
        "coordinates": [
          [
            [-97.7332301, 30.2827727],
            [-97.7332345, 30.2827567],
            [-97.7332708, 30.28276],
            [-97.7333015, 30.2827376],
            [-97.7333114, 30.2826653],
            [-97.7332803, 30.2826322],
            [-97.7332021, 30.2826274],
            [-97.733167, 30.2826508],
            [-97.7331651, 30.2826665],
            [-97.7330447, 30.28266],
            [-97.7322642, 30.2825983],
            [-97.7321972, 30.2825946],
            [-97.7321444, 30.2825898],
            [-97.7321455, 30.2825739],
            [-97.732117, 30.2825446],
            [-97.7320375, 30.2825377],
            [-97.7320034, 30.282565],
            [-97.732003, 30.2825707],
            [-97.7319982, 30.2826335],
            [-97.7320241, 30.2826616],
            [-97.7320626, 30.282666],
            [-97.7321134, 30.282756],
            [-97.7320793, 30.2827692],
            [-97.7321299, 30.2828604],
            [-97.732268, 30.2828053],
            [-97.7324193, 30.282782],
            [-97.7326283, 30.2827845],
            [-97.7328304, 30.2828098],
            [-97.7329971, 30.2828592],
            [-97.733121, 30.2829365],
            [-97.7331908, 30.2828565],
            [-97.7331616, 30.2828324],
            [-97.7332301, 30.2827727]
          ]
        ]
      },
      "id": "way/1419045023"
    }
  ]
}
